excel_id,session_id,turn_index,expected_action,depends_on_turn,turn_type,user_message,gold_sql
2709,TestMultiturn2,1,NO_SQL,,ns_saludo,"Hola, buenos días.",
2710,TestMultiturn2,2,EXECUTE_SQL,,seed_sql,Dime la cantidad de cuentas por pagar - commercial condition que se encuentran activos. Cuando puedas.,"SELECT COUNT(*) FROM ""account_payable"".""commercial_condition"" WHERE member_id = $1 AND is_active = TRUE AND audit_status <> 'D' LIMIT 100;"
2711,TestMultiturn2,3,CLARIFY,,cl_eso,¿Y eso cómo va?,
2712,TestMultiturn2,4,EXECUTE_SQL,2,ctx_top5,"De ese resultado, muéstrame solo los primeros 5.","SELECT COUNT(*) FROM ""account_payable"".""commercial_condition"" WHERE member_id = $1 AND is_active = TRUE AND audit_status <> 'D' LIMIT 5;"
2713,TestMultiturn2,5,NO_SQL,2,ns_explica,¿Me puedes explicar qué significa ese dato?,
2714,TestMultiturn2,6,EXECUTE_SQL,,switch_sql,"Ahora, cambiando de tema: ¿Cuántos movimientos de inventario tengo por cada sucursal? Muéstrame el nombre del sucursal. Cuando puedas.","SELECT r.name AS sucursal, COUNT(*) AS registros FROM ""inventory"".""movement"" AS t JOIN ""core"".""branch_office"" AS r ON t.branch_office_id = r.id WHERE t.member_id = $1 AND t.audit_status <> 'D' GROUP BY r.name ORDER BY registros DESC LIMIT 100;"
2715,TestMultiturn2,7,EXECUTE_SQL,6,ctx_orden,Ordena ese resultado de mayor a menor.,"SELECT r.name AS sucursal, COUNT(*) AS registros FROM ""inventory"".""movement"" AS t JOIN ""core"".""branch_office"" AS r ON t.branch_office_id = r.id WHERE t.member_id = $1 AND t.audit_status <> 'D' GROUP BY r.name ORDER BY registros DESC ORDER BY registros DESC LIMIT 100;"
2716,TestMultiturn2,8,EXECUTE_SQL,6,ctx_total,¿Cuántos registros dio ese resultado en total?,"SELECT COUNT(*) AS total_registros FROM ( SELECT r.name AS sucursal, COUNT(*) AS registros FROM ""inventory"".""movement"" AS t JOIN ""core"".""branch_office"" AS r ON t.branch_office_id = r.id WHERE t.member_id = $1 AND t.audit_status <> 'D' GROUP BY r.name ORDER BY registros DESC ) AS sub;"
2717,TestMultiturn2,9,CLARIFY,,cl_siempre,Muéstrame lo de siempre.,
2718,TestMultiturn2,10,EXECUTE_SQL,6,ctx_max,"De ese resultado, ¿cuál tiene el valor más alto?","SELECT r.name AS sucursal, COUNT(*) AS registros FROM ""inventory"".""movement"" AS t JOIN ""core"".""branch_office"" AS r ON t.branch_office_id = r.id WHERE t.member_id = $1 AND t.audit_status <> 'D' GROUP BY r.name ORDER BY registros DESC ORDER BY registros DESC LIMIT 1;"
2719,TestMultiturn3,1,EXECUTE_SQL,,seed_sql,¿Cuántos transporte - vehicle driver hay por cada valor de la columna member_vehicle_id? Cuando puedas.,"SELECT t.member_vehicle_id AS member_vehicle_id, COUNT(*) AS registros FROM ""national_transport"".""vehicle_driver"" AS t WHERE t.member_id = $1 AND t.audit_status <> 'D' GROUP BY t.member_vehicle_id ORDER BY registros DESC LIMIT 100;"
2720,TestMultiturn3,2,NO_SQL,,ns_ok,"Perfecto, entendido.",
2721,TestMultiturn3,3,EXECUTE_SQL,1,ctx_max,"De ese resultado, ¿cuál tiene el valor más alto?","SELECT t.member_vehicle_id AS member_vehicle_id, COUNT(*) AS registros FROM ""national_transport"".""vehicle_driver"" AS t WHERE t.member_id = $1 AND t.audit_status <> 'D' GROUP BY t.member_vehicle_id ORDER BY registros DESC ORDER BY registros DESC LIMIT 1;"
2722,TestMultiturn3,4,EXECUTE_SQL,,switch_sql,"Ahora, cambiando de tema: regálame los nombres de los diferentes centro de costo que se han usado en los facturas de compra. Por favor.","SELECT DISTINCT r.name AS centro_de_costo FROM ""account_payable"".""invoice"" AS t JOIN ""core"".""cost_center"" AS r ON t.cost_center_id = r.id WHERE t.member_id = $1 AND t.audit_status <> 'D' LIMIT 100;"
2723,TestMultiturn3,5,EXECUTE_SQL,4,ctx_total,¿Cuántos registros dio ese resultado en total?,"SELECT COUNT(*) AS total_registros FROM ( SELECT DISTINCT r.name AS centro_de_costo FROM ""account_payable"".""invoice"" AS t JOIN ""core"".""cost_center"" AS r ON t.cost_center_id = r.id WHERE t.member_id = $1 AND t.audit_status <> 'D' ) AS sub;"
2724,TestMultiturn3,6,CLARIFY,,cl_vago,Dame los datos.,
2725,TestMultiturn4,1,EXECUTE_SQL,,seed_sql,Regálame los nombres de los diferentes ruta que se han usado en los precios de flete. Por favor.,"SELECT DISTINCT r.name AS ruta FROM ""national_transport"".""freight_prices"" AS t JOIN ""national_transport"".""route"" AS r ON t.route_id = r.id WHERE t.member_id = $1 AND t.audit_status <> 'D' LIMIT 100;"
2726,TestMultiturn4,2,EXECUTE_SQL,1,ctx_total,¿Cuántos registros dio ese resultado en total?,"SELECT COUNT(*) AS total_registros FROM ( SELECT DISTINCT r.name AS ruta FROM ""national_transport"".""freight_prices"" AS t JOIN ""national_transport"".""route"" AS r ON t.route_id = r.id WHERE t.member_id = $1 AND t.audit_status <> 'D' ) AS sub;"
2727,TestMultiturn4,3,NO_SQL,,ns_saludo,"Hola, buenas, ¿cómo vas?",
2728,TestMultiturn4,4,EXECUTE_SQL,1,ctx_top5,"De ese resultado, muéstrame solo los primeros 5.","SELECT DISTINCT r.name AS ruta FROM ""national_transport"".""freight_prices"" AS t JOIN ""national_transport"".""route"" AS r ON t.route_id = r.id WHERE t.member_id = $1 AND t.audit_status <> 'D' LIMIT 5;"
2729,TestMultiturn4,5,NO_SQL,,ns_capacidad,¿Qué otras cosas puedes consultar de mi empresa?,
2730,TestMultiturn4,6,EXECUTE_SQL,1,ctx_top5,"De ese resultado, muéstrame solo los primeros 5.","SELECT DISTINCT r.name AS ruta FROM ""national_transport"".""freight_prices"" AS t JOIN ""national_transport"".""route"" AS r ON t.route_id = r.id WHERE t.member_id = $1 AND t.audit_status <> 'D' LIMIT 5;"
2731,TestMultiturn4,7,EXECUTE_SQL,1,ctx_total,¿Cuántos registros dio ese resultado en total?,"SELECT COUNT(*) AS total_registros FROM ( SELECT DISTINCT r.name AS ruta FROM ""national_transport"".""freight_prices"" AS t JOIN ""national_transport"".""route"" AS r ON t.route_id = r.id WHERE t.member_id = $1 AND t.audit_status <> 'D' ) AS sub;"
2732,TestMultiturn4,8,EXECUTE_SQL,1,ctx_top5,"De ese resultado, muéstrame solo los primeros 5.","SELECT DISTINCT r.name AS ruta FROM ""national_transport"".""freight_prices"" AS t JOIN ""national_transport"".""route"" AS r ON t.route_id = r.id WHERE t.member_id = $1 AND t.audit_status <> 'D' LIMIT 5;"
2733,TestMultiturn4,9,EXECUTE_SQL,1,ctx_total,¿Cuántos registros dio ese resultado en total?,"SELECT COUNT(*) AS total_registros FROM ( SELECT DISTINCT r.name AS ruta FROM ""national_transport"".""freight_prices"" AS t JOIN ""national_transport"".""route"" AS r ON t.route_id = r.id WHERE t.member_id = $1 AND t.audit_status <> 'D' ) AS sub;"
2734,TestMultiturn4,10,NO_SQL,1,ns_explica,¿Me puedes explicar qué significa ese dato?,
2735,TestMultiturn5,1,NO_SQL,,ns_saludo,"Hola, buenos días.",
2736,TestMultiturn5,2,EXECUTE_SQL,,seed_sql,Dime la cantidad de treasury - member payment gateway que se encuentran activos. Cuando puedas.,"SELECT COUNT(*) FROM ""treasury"".""member_payment_gateway"" WHERE member_id = $1 AND is_active = TRUE AND audit_status <> 'D' LIMIT 100;"
2737,TestMultiturn5,3,EXECUTE_SQL,2,ctx_total,¿Cuántos registros dio ese resultado en total?,"SELECT COUNT(*) AS total_registros FROM ( SELECT COUNT(*) FROM ""treasury"".""member_payment_gateway"" WHERE member_id = $1 AND is_active = TRUE AND audit_status <> 'D' ) AS sub;"
2738,TestMultiturn5,4,EXECUTE_SQL,2,ctx_top5,"De ese resultado, muéstrame solo los primeros 5.","SELECT COUNT(*) FROM ""treasury"".""member_payment_gateway"" WHERE member_id = $1 AND is_active = TRUE AND audit_status <> 'D' LIMIT 5;"
2739,TestMultiturn5,5,EXECUTE_SQL,2,ctx_total,¿Cuántos registros dio ese resultado en total?,"SELECT COUNT(*) AS total_registros FROM ( SELECT COUNT(*) FROM ""treasury"".""member_payment_gateway"" WHERE member_id = $1 AND is_active = TRUE AND audit_status <> 'D' ) AS sub;"
2740,TestMultiturn5,6,NO_SQL,,ns_identidad,¿Y tú quién eres exactamente?,
2741,TestMultiturn5,7,CLARIFY,,cl_comparar,Compáralo.,
2742,TestMultiturn5,8,NO_SQL,,ns_ok,"Perfecto, entendido.",
2743,TestMultiturn5,9,EXECUTE_SQL,2,ctx_top5,"De ese resultado, muéstrame solo los primeros 5.","SELECT COUNT(*) FROM ""treasury"".""member_payment_gateway"" WHERE member_id = $1 AND is_active = TRUE AND audit_status <> 'D' LIMIT 5;"
2744,TestMultiturn5,10,EXECUTE_SQL,2,ctx_top5,"De ese resultado, muéstrame solo los primeros 5.","SELECT COUNT(*) FROM ""treasury"".""member_payment_gateway"" WHERE member_id = $1 AND is_active = TRUE AND audit_status <> 'D' LIMIT 5;"
2745,TestMultiturn6,1,EXECUTE_SQL,,seed_sql,Dame el listado de nombres de crm - segment. Por favor.,"SELECT name FROM ""crm"".""segment"" WHERE member_id = $1 AND audit_status <> 'D' LIMIT 100;"
2746,TestMultiturn6,2,EXECUTE_SQL,1,ctx_top5,"De ese resultado, muéstrame solo los primeros 5.","SELECT name FROM ""crm"".""segment"" WHERE member_id = $1 AND audit_status <> 'D' LIMIT 5;"
2747,TestMultiturn6,3,CLARIFY,,cl_vago,Dame los datos.,
2748,TestMultiturn6,4,NO_SQL,,ns_ok,"Perfecto, entendido.",
2749,TestMultiturn6,5,NO_SQL,,ns_saludo,"Hola, buenas, ¿cómo vas?",
2750,TestMultiturn6,6,EXECUTE_SQL,1,ctx_total,¿Cuántos registros dio ese resultado en total?,"SELECT COUNT(*) AS total_registros FROM ( SELECT name FROM ""crm"".""segment"" WHERE member_id = $1 AND audit_status <> 'D' ) AS sub;"
2751,TestMultiturn7,1,EXECUTE_SQL,,seed_sql,"Indícame los últimos 2 core - operation que se han creado, solo requiero el nombre y la fecha de creación. Gracias.","SELECT name, created_at FROM ""core"".""operation"" WHERE member_id = $1 AND audit_status <> 'D' ORDER BY created_at DESC LIMIT 2;"
2752,TestMultiturn7,2,EXECUTE_SQL,1,ctx_top5,"De ese resultado, muéstrame solo los primeros 5.","SELECT name, created_at FROM ""core"".""operation"" WHERE member_id = $1 AND audit_status <> 'D' ORDER BY created_at DESC LIMIT 5;"
2753,TestMultiturn7,3,CLARIFY,,cl_eso,¿Y eso cómo va?,
2754,TestMultiturn7,4,EXECUTE_SQL,1,ctx_total,¿Cuántos registros dio ese resultado en total?,"SELECT COUNT(*) AS total_registros FROM ( SELECT name, created_at FROM ""core"".""operation"" WHERE member_id = $1 AND audit_status <> 'D' ORDER BY created_at DESC ) AS sub;"
2755,TestMultiturn7,5,NO_SQL,,ns_identidad,¿Y tú quién eres exactamente?,
2756,TestMultiturn7,6,EXECUTE_SQL,1,ctx_top5,"De ese resultado, muéstrame solo los primeros 5.","SELECT name, created_at FROM ""core"".""operation"" WHERE member_id = $1 AND audit_status <> 'D' ORDER BY created_at DESC LIMIT 5;"
2757,TestMultiturn7,7,CLARIFY,,cl_otro,"Y lo otro también, porfa.",
2758,TestMultiturn7,8,NO_SQL,,ns_saludo,"Hola, buenas, ¿cómo vas?",
2759,TestMultiturn7,9,EXECUTE_SQL,1,ctx_total,¿Cuántos registros dio ese resultado en total?,"SELECT COUNT(*) AS total_registros FROM ( SELECT name, created_at FROM ""core"".""operation"" WHERE member_id = $1 AND audit_status <> 'D' ORDER BY created_at DESC ) AS sub;"
2760,TestMultiturn7,10,NO_SQL,1,ns_explica,¿Me puedes explicar qué significa ese dato?,
2761,TestMultiturn8,1,EXECUTE_SQL,,seed_sql,¿Cuál es el promedio del campo quantity por authorization_service_id en health - medical record procedure? Es urgente.,"SELECT t.authorization_service_id AS authorization_service_id, AVG(t.quantity) AS promedio_quantity FROM ""health"".""medical_record_procedure"" AS t WHERE t.member_id = $1 AND t.audit_status <> 'D' GROUP BY t.authorization_service_id ORDER BY promedio_quantity DESC LIMIT 100;"
2762,TestMultiturn8,2,CLARIFY,,cl_vago,Dame los datos.,
2763,TestMultiturn8,3,NO_SQL,,ns_saludo,"Hola, buenas, ¿cómo vas?",
2764,TestMultiturn8,4,NO_SQL,,ns_ok,"Perfecto, entendido.",
2765,TestMultiturn8,5,NO_SQL,,ns_opinion,¿Ese número te parece normal para un negocio como el mío?,
2766,TestMultiturn8,6,EXECUTE_SQL,1,ctx_total,¿Cuántos registros dio ese resultado en total?,"SELECT COUNT(*) AS total_registros FROM ( SELECT t.authorization_service_id AS authorization_service_id, AVG(t.quantity) AS promedio_quantity FROM ""health"".""medical_record_procedure"" AS t WHERE t.member_id = $1 AND t.audit_status <> 'D' GROUP BY t.authorization_service_id ORDER BY promedio_quantity DESC ) AS sub;"
2767,TestMultiturn8,7,EXECUTE_SQL,,switch_sql,"Ahora, cambiando de tema: para mi empresa, quiero ver por cada amortizacion la suma del valor amortizado y cuántos registros hay en accounting - amortization detail. Es urgente.","SELECT t.amortization_id AS amortization_id, SUM(t.amortized_value) AS total_amortized_value, COUNT(*) AS registros FROM ""accounting"".""amortization_detail"" AS t WHERE t.member_id = $1 AND t.audit_status <> 'D' GROUP BY t.amortization_id ORDER BY total_amortized_value DESC LIMIT 100;"
2768,TestMultiturn8,8,EXECUTE_SQL,7,ctx_max,"De ese resultado, ¿cuál tiene el valor más alto?","SELECT t.amortization_id AS amortization_id, SUM(t.amortized_value) AS total_amortized_value, COUNT(*) AS registros FROM ""accounting"".""amortization_detail"" AS t WHERE t.member_id = $1 AND t.audit_status <> 'D' GROUP BY t.amortization_id ORDER BY total_amortized_value DESC ORDER BY total_amortized_value DESC LIMIT 1;"
2769,TestMultiturn8,9,EXECUTE_SQL,7,ctx_promedio,"Y en vez de la suma, dame el promedio.","SELECT t.amortization_id AS amortization_id, AVG(t.amortized_value) AS total_amortized_value, COUNT(*) AS registros FROM ""accounting"".""amortization_detail"" AS t WHERE t.member_id = $1 AND t.audit_status <> 'D' GROUP BY t.amortization_id ORDER BY total_amortized_value DESC LIMIT 100;"
2770,TestMultiturn9,1,EXECUTE_SQL,,seed_sql,"Dame el total del valor total de los treasury - bank note cuyo sucursal contiene 'TRANSPORTE' en el nombre, agrupado por sucursal. Es urgente.","SELECT r.name AS sucursal, SUM(t.total_value) AS total_total_value, COUNT(*) AS registros FROM ""treasury"".""bank_note"" AS t JOIN ""core"".""branch_office"" AS r ON t.branch_office_id = r.id WHERE t.member_id = $1 AND t.audit_status <> 'D' AND r.name ILIKE '%TRANSPORTE%' GROUP BY r.id, r.name ORDER BY total_total_value DESC LIMIT 100;"
2771,TestMultiturn9,2,NO_SQL,,ns_capacidad,¿Qué otras cosas puedes consultar de mi empresa?,
2772,TestMultiturn9,3,EXECUTE_SQL,1,ctx_total,¿Cuántos registros dio ese resultado en total?,"SELECT COUNT(*) AS total_registros FROM ( SELECT r.name AS sucursal, SUM(t.total_value) AS total_total_value, COUNT(*) AS registros FROM ""treasury"".""bank_note"" AS t JOIN ""core"".""branch_office"" AS r ON t.branch_office_id = r.id WHERE t.member_id = $1 AND t.audit_status <> 'D' AND r.name ILIKE '%TRANSPORTE%' GROUP BY r.id, r.name ORDER BY total_total_value DESC ) AS sub;"
2773,TestMultiturn9,4,NO_SQL,,ns_ok,"Perfecto, entendido.",
2774,TestMultiturn9,5,NO_SQL,,ns_gracias,"Listo, muchas gracias, justo lo que necesitaba.",
2775,TestMultiturn9,6,CLARIFY,,cl_vago,Dame los datos.,
2776,TestMultiturn9,7,EXECUTE_SQL,1,ctx_top5,"De ese resultado, muéstrame solo los primeros 5.","SELECT r.name AS sucursal, SUM(t.total_value) AS total_total_value, COUNT(*) AS registros FROM ""treasury"".""bank_note"" AS t JOIN ""core"".""branch_office"" AS r ON t.branch_office_id = r.id WHERE t.member_id = $1 AND t.audit_status <> 'D' AND r.name ILIKE '%TRANSPORTE%' GROUP BY r.id, r.name ORDER BY total_total_value DESC LIMIT 5;"
2777,TestMultiturn9,8,EXECUTE_SQL,1,ctx_orden,Ordena ese resultado de mayor a menor.,"SELECT r.name AS sucursal, SUM(t.total_value) AS total_total_value, COUNT(*) AS registros FROM ""treasury"".""bank_note"" AS t JOIN ""core"".""branch_office"" AS r ON t.branch_office_id = r.id WHERE t.member_id = $1 AND t.audit_status <> 'D' AND r.name ILIKE '%TRANSPORTE%' GROUP BY r.id, r.name ORDER BY total_total_value DESC ORDER BY total_total_value DESC LIMIT 100;"
2778,TestMultiturn9,9,CLARIFY,,cl_otro,"Y lo otro también, porfa.",
2779,TestMultiturn10,1,EXECUTE_SQL,,seed_sql,"Indícame los últimos 3 cuentas por cobrar - price discount que se han creado, solo requiero el nombre y la fecha de creación.","SELECT name, created_at FROM ""account_receivable"".""price_discount"" WHERE member_id = $1 AND audit_status <> 'D' ORDER BY created_at DESC LIMIT 3;"
2780,TestMultiturn10,2,EXECUTE_SQL,1,ctx_total,¿Cuántos registros dio ese resultado en total?,"SELECT COUNT(*) AS total_registros FROM ( SELECT name, created_at FROM ""account_receivable"".""price_discount"" WHERE member_id = $1 AND audit_status <> 'D' ORDER BY created_at DESC ) AS sub;"
2781,TestMultiturn10,3,NO_SQL,,ns_capacidad,¿Qué otras cosas puedes consultar de mi empresa?,
2782,TestMultiturn10,4,EXECUTE_SQL,1,ctx_top5,"De ese resultado, muéstrame solo los primeros 5.","SELECT name, created_at FROM ""account_receivable"".""price_discount"" WHERE member_id = $1 AND audit_status <> 'D' ORDER BY created_at DESC LIMIT 5;"
2783,TestMultiturn10,5,CLARIFY,,cl_comparar,Compáralo.,
2784,TestMultiturn11,1,NO_SQL,,ns_saludo,"Hola, buenos días.",
2785,TestMultiturn11,2,EXECUTE_SQL,,seed_sql,"Quiero saber, por cada cuenta contable, la suma del valor del impuesto y la cantidad de treasury - income balance tax asociados; incluye el nombre del cuenta contable. Muchas gracias.","SELECT r.name AS cuenta_contable, SUM(t.tax_value) AS total_tax_value, COUNT(*) AS registros FROM ""treasury"".""income_balance_tax"" AS t JOIN ""accounting"".""account"" AS r ON t.account_id = r.id WHERE t.member_id = $1 AND t.audit_status <> 'D' GROUP BY r.id, r.name ORDER BY total_tax_value DESC LIMIT 100;"
2786,TestMultiturn11,3,EXECUTE_SQL,2,ctx_top5,"De ese resultado, muéstrame solo los primeros 5.","SELECT r.name AS cuenta_contable, SUM(t.tax_value) AS total_tax_value, COUNT(*) AS registros FROM ""treasury"".""income_balance_tax"" AS t JOIN ""accounting"".""account"" AS r ON t.account_id = r.id WHERE t.member_id = $1 AND t.audit_status <> 'D' GROUP BY r.id, r.name ORDER BY total_tax_value DESC LIMIT 5;"
2787,TestMultiturn11,4,CLARIFY,,cl_comparar,Compáralo.,
2788,TestMultiturn11,5,NO_SQL,2,ns_explica,¿Me puedes explicar qué significa ese dato?,
2789,TestMultiturn11,6,EXECUTE_SQL,2,ctx_promedio,"Y en vez de la suma, dame el promedio.","SELECT r.name AS cuenta_contable, AVG(t.tax_value) AS total_tax_value, COUNT(*) AS registros FROM ""treasury"".""income_balance_tax"" AS t JOIN ""accounting"".""account"" AS r ON t.account_id = r.id WHERE t.member_id = $1 AND t.audit_status <> 'D' GROUP BY r.id, r.name ORDER BY total_tax_value DESC LIMIT 100;"
2790,TestMultiturn12,1,NO_SQL,,ns_saludo,"Hola, buenos días.",
2791,TestMultiturn12,2,EXECUTE_SQL,,seed_sql,"Suministrame los primeros 2 transporte - veto que se crearon en el sistema, con el nombre y la fecha de creación. Muchas gracias.","SELECT name, created_at FROM ""national_transport"".""veto"" WHERE member_id = $1 AND audit_status <> 'D' ORDER BY created_at ASC LIMIT 2;"
2792,TestMultiturn12,3,NO_SQL,,ns_identidad,¿Y tú quién eres exactamente?,
2793,TestMultiturn12,4,EXECUTE_SQL,2,ctx_top5,"De ese resultado, muéstrame solo los primeros 5.","SELECT name, created_at FROM ""national_transport"".""veto"" WHERE member_id = $1 AND audit_status <> 'D' ORDER BY created_at ASC LIMIT 5;"
2794,TestMultiturn12,5,EXECUTE_SQL,2,ctx_total,¿Cuántos registros dio ese resultado en total?,"SELECT COUNT(*) AS total_registros FROM ( SELECT name, created_at FROM ""national_transport"".""veto"" WHERE member_id = $1 AND audit_status <> 'D' ORDER BY created_at ASC ) AS sub;"
2795,TestMultiturn13,1,EXECUTE_SQL,,seed_sql,"Dame el total del valor del descuento de los cuentas por pagar - electronic document received detail cuyo producto contiene 'VOLQUETA' en el nombre, agrupado por producto. Es urgente.","SELECT r.name AS producto, SUM(t.discount_amount) AS total_discount_amount, COUNT(*) AS registros FROM ""account_payable"".""electronic_document_received_detail"" AS t JOIN ""inventory"".""product"" AS r ON t.product_id = r.id WHERE t.member_id = $1 AND t.audit_status <> 'D' AND r.name ILIKE '%VOLQUETA%' GROUP BY r.id, r.name ORDER BY total_discount_amount DESC LIMIT 100;"
2796,TestMultiturn13,2,NO_SQL,,ns_gracias,"Listo, muchas gracias, justo lo que necesitaba.",
2797,TestMultiturn13,3,EXECUTE_SQL,1,ctx_orden,Ordena ese resultado de mayor a menor.,"SELECT r.name AS producto, SUM(t.discount_amount) AS total_discount_amount, COUNT(*) AS registros FROM ""account_payable"".""electronic_document_received_detail"" AS t JOIN ""inventory"".""product"" AS r ON t.product_id = r.id WHERE t.member_id = $1 AND t.audit_status <> 'D' AND r.name ILIKE '%VOLQUETA%' GROUP BY r.id, r.name ORDER BY total_discount_amount DESC ORDER BY total_discount_amount DESC LIMIT 100;"
2798,TestMultiturn13,4,EXECUTE_SQL,1,ctx_total,¿Cuántos registros dio ese resultado en total?,"SELECT COUNT(*) AS total_registros FROM ( SELECT r.name AS producto, SUM(t.discount_amount) AS total_discount_amount, COUNT(*) AS registros FROM ""account_payable"".""electronic_document_received_detail"" AS t JOIN ""inventory"".""product"" AS r ON t.product_id = r.id WHERE t.member_id = $1 AND t.audit_status <> 'D' AND r.name ILIKE '%VOLQUETA%' GROUP BY r.id, r.name ORDER BY total_discount_amount DESC ) AS sub;"
2799,TestMultiturn13,5,EXECUTE_SQL,1,ctx_top5,"De ese resultado, muéstrame solo los primeros 5.","SELECT r.name AS producto, SUM(t.discount_amount) AS total_discount_amount, COUNT(*) AS registros FROM ""account_payable"".""electronic_document_received_detail"" AS t JOIN ""inventory"".""product"" AS r ON t.product_id = r.id WHERE t.member_id = $1 AND t.audit_status <> 'D' AND r.name ILIKE '%VOLQUETA%' GROUP BY r.id, r.name ORDER BY total_discount_amount DESC LIMIT 5;"
2800,TestMultiturn13,6,EXECUTE_SQL,1,ctx_promedio,"Y en vez de la suma, dame el promedio.","SELECT r.name AS producto, AVG(t.discount_amount) AS total_discount_amount, COUNT(*) AS registros FROM ""account_payable"".""electronic_document_received_detail"" AS t JOIN ""inventory"".""product"" AS r ON t.product_id = r.id WHERE t.member_id = $1 AND t.audit_status <> 'D' AND r.name ILIKE '%VOLQUETA%' GROUP BY r.id, r.name ORDER BY total_discount_amount DESC LIMIT 100;"
2801,TestMultiturn13,7,CLARIFY,,cl_siempre,Muéstrame lo de siempre.,
2802,TestMultiturn13,8,EXECUTE_SQL,1,ctx_max,"De ese resultado, ¿cuál tiene el valor más alto?","SELECT r.name AS producto, SUM(t.discount_amount) AS total_discount_amount, COUNT(*) AS registros FROM ""account_payable"".""electronic_document_received_detail"" AS t JOIN ""inventory"".""product"" AS r ON t.product_id = r.id WHERE t.member_id = $1 AND t.audit_status <> 'D' AND r.name ILIKE '%VOLQUETA%' GROUP BY r.id, r.name ORDER BY total_discount_amount DESC ORDER BY total_discount_amount DESC LIMIT 1;"
2803,TestMultiturn14,1,EXECUTE_SQL,,seed_sql,Dame el listado de nombres de grupos de inventario. Gracias.,"SELECT name FROM ""inventory"".""group"" WHERE member_id = $1 AND audit_status <> 'D' LIMIT 100;"
2804,TestMultiturn14,2,CLARIFY,,cl_vago,Dame los datos.,
2805,TestMultiturn14,3,EXECUTE_SQL,1,ctx_top5,"De ese resultado, muéstrame solo los primeros 5.","SELECT name FROM ""inventory"".""group"" WHERE member_id = $1 AND audit_status <> 'D' LIMIT 5;"
2806,TestMultiturn14,4,NO_SQL,,ns_opinion,¿Ese número te parece normal para un negocio como el mío?,
2807,TestMultiturn14,5,EXECUTE_SQL,,switch_sql,"Ahora, cambiando de tema: indícame los últimos 2 inventario - product option que se han creado, solo requiero el nombre y la descripción. Es urgente.","SELECT name, description FROM ""inventory"".""product_option"" WHERE member_id = $1 AND audit_status <> 'D' ORDER BY created_at DESC LIMIT 2;"
2808,TestMultiturn14,6,EXECUTE_SQL,5,ctx_total,¿Cuántos registros dio ese resultado en total?,"SELECT COUNT(*) AS total_registros FROM ( SELECT name, description FROM ""inventory"".""product_option"" WHERE member_id = $1 AND audit_status <> 'D' ORDER BY created_at DESC ) AS sub;"
2809,TestMultiturn14,7,EXECUTE_SQL,5,ctx_top5,"De ese resultado, muéstrame solo los primeros 5.","SELECT name, description FROM ""inventory"".""product_option"" WHERE member_id = $1 AND audit_status <> 'D' ORDER BY created_at DESC LIMIT 5;"
2810,TestMultiturn15,1,NO_SQL,,ns_saludo,"Hola, buenos días.",
2811,TestMultiturn15,2,EXECUTE_SQL,,seed_sql,"Dame el total del total de los cuentas por cobrar - note cuyo cliente contiene 'OFICINA' en el nombre, agrupado por cliente. Gracias.","SELECT r.name AS cliente, SUM(t.total) AS total_total, COUNT(*) AS registros FROM ""account_receivable"".""note"" AS t JOIN ""account_receivable"".""customer_detail"" AS r ON t.customer_detail_id = r.id WHERE t.member_id = $1 AND t.audit_status <> 'D' AND r.name ILIKE '%OFICINA%' GROUP BY r.id, r.name ORDER BY total_total DESC LIMIT 100;"
2812,TestMultiturn15,3,EXECUTE_SQL,2,ctx_promedio,"Y en vez de la suma, dame el promedio.","SELECT r.name AS cliente, AVG(t.total) AS total_total, COUNT(*) AS registros FROM ""account_receivable"".""note"" AS t JOIN ""account_receivable"".""customer_detail"" AS r ON t.customer_detail_id = r.id WHERE t.member_id = $1 AND t.audit_status <> 'D' AND r.name ILIKE '%OFICINA%' GROUP BY r.id, r.name ORDER BY total_total DESC LIMIT 100;"
2813,TestMultiturn15,4,CLARIFY,,cl_eso,¿Y eso cómo va?,
2814,TestMultiturn15,5,NO_SQL,,ns_offtopic,"Oye, ¿y me recomiendas algo para almorzar hoy?",
2815,TestMultiturn15,6,CLARIFY,,cl_siempre,Muéstrame lo de siempre.,
2816,TestMultiturn15,7,EXECUTE_SQL,2,ctx_max,"De ese resultado, ¿cuál tiene el valor más alto?","SELECT r.name AS cliente, SUM(t.total) AS total_total, COUNT(*) AS registros FROM ""account_receivable"".""note"" AS t JOIN ""account_receivable"".""customer_detail"" AS r ON t.customer_detail_id = r.id WHERE t.member_id = $1 AND t.audit_status <> 'D' AND r.name ILIKE '%OFICINA%' GROUP BY r.id, r.name ORDER BY total_total DESC ORDER BY total_total DESC LIMIT 1;"
2817,TestMultiturn15,8,EXECUTE_SQL,,switch_sql,"Ahora, cambiando de tema: indícame los últimos 5 insurance - origin of policies que se han creado, solo requiero el nombre y la fecha de creación. Muchas gracias.","SELECT name, created_at FROM ""insurance"".""origin_of_policies"" WHERE member_id = $1 AND audit_status <> 'D' ORDER BY created_at DESC LIMIT 5;"
2818,TestMultiturn15,9,EXECUTE_SQL,8,ctx_total,¿Cuántos registros dio ese resultado en total?,"SELECT COUNT(*) AS total_registros FROM ( SELECT name, created_at FROM ""insurance"".""origin_of_policies"" WHERE member_id = $1 AND audit_status <> 'D' ORDER BY created_at DESC ) AS sub;"
2819,TestMultiturn16,1,NO_SQL,,ns_saludo,"Hola, buenos días.",
2820,TestMultiturn16,2,EXECUTE_SQL,,seed_sql,¿Cuántos remesas tengo por cada categoria? Muéstrame el nombre del categoria. Es urgente.,"SELECT r.name AS categoria, COUNT(*) AS registros FROM ""national_transport"".""remittance"" AS t JOIN ""core"".""category"" AS r ON t.category_id = r.id WHERE t.member_id = $1 AND t.audit_status <> 'D' GROUP BY r.name ORDER BY registros DESC LIMIT 100;"
2821,TestMultiturn16,3,EXECUTE_SQL,2,ctx_total,¿Cuántos registros dio ese resultado en total?,"SELECT COUNT(*) AS total_registros FROM ( SELECT r.name AS categoria, COUNT(*) AS registros FROM ""national_transport"".""remittance"" AS t JOIN ""core"".""category"" AS r ON t.category_id = r.id WHERE t.member_id = $1 AND t.audit_status <> 'D' GROUP BY r.name ORDER BY registros DESC ) AS sub;"
2822,TestMultiturn16,4,EXECUTE_SQL,,switch_sql,"Ahora, cambiando de tema: ¿Cuál es el promedio del valor total por cliente en transporte - customer billing?","SELECT t.customer_id AS customer_id, AVG(t.total_value) AS promedio_total_value FROM ""national_transport"".""customer_billing"" AS t WHERE t.member_id = $1 AND t.audit_status <> 'D' GROUP BY t.customer_id ORDER BY promedio_total_value DESC LIMIT 100;"
2823,TestMultiturn16,5,EXECUTE_SQL,4,ctx_top5,"De ese resultado, muéstrame solo los primeros 5.","SELECT t.customer_id AS customer_id, AVG(t.total_value) AS promedio_total_value FROM ""national_transport"".""customer_billing"" AS t WHERE t.member_id = $1 AND t.audit_status <> 'D' GROUP BY t.customer_id ORDER BY promedio_total_value DESC LIMIT 5;"
2824,TestMultiturn16,6,NO_SQL,,ns_offtopic,"Oye, ¿y me recomiendas algo para almorzar hoy?",
2825,TestMultiturn17,1,EXECUTE_SQL,,seed_sql,"Dame el total del valor del impuesto de los treasury - cash note tax cuyo cuenta contable contiene 'LOCAL' en el nombre, agrupado por cuenta contable. Gracias.","SELECT r.name AS cuenta_contable, SUM(t.tax_value) AS total_tax_value, COUNT(*) AS registros FROM ""treasury"".""cash_note_tax"" AS t JOIN ""accounting"".""account"" AS r ON t.account_id = r.id WHERE t.member_id = $1 AND t.audit_status <> 'D' AND r.name ILIKE '%LOCAL%' GROUP BY r.id, r.name ORDER BY total_tax_value DESC LIMIT 100;"
2826,TestMultiturn17,2,EXECUTE_SQL,1,ctx_total,¿Cuántos registros dio ese resultado en total?,"SELECT COUNT(*) AS total_registros FROM ( SELECT r.name AS cuenta_contable, SUM(t.tax_value) AS total_tax_value, COUNT(*) AS registros FROM ""treasury"".""cash_note_tax"" AS t JOIN ""accounting"".""account"" AS r ON t.account_id = r.id WHERE t.member_id = $1 AND t.audit_status <> 'D' AND r.name ILIKE '%LOCAL%' GROUP BY r.id, r.name ORDER BY total_tax_value DESC ) AS sub;"
2827,TestMultiturn17,3,NO_SQL,,ns_gracias,"Listo, muchas gracias, justo lo que necesitaba.",
2828,TestMultiturn17,4,EXECUTE_SQL,1,ctx_max,"De ese resultado, ¿cuál tiene el valor más alto?","SELECT r.name AS cuenta_contable, SUM(t.tax_value) AS total_tax_value, COUNT(*) AS registros FROM ""treasury"".""cash_note_tax"" AS t JOIN ""accounting"".""account"" AS r ON t.account_id = r.id WHERE t.member_id = $1 AND t.audit_status <> 'D' AND r.name ILIKE '%LOCAL%' GROUP BY r.id, r.name ORDER BY total_tax_value DESC ORDER BY total_tax_value DESC LIMIT 1;"
2829,TestMultiturn17,5,EXECUTE_SQL,1,ctx_promedio,"Y en vez de la suma, dame el promedio.","SELECT r.name AS cuenta_contable, AVG(t.tax_value) AS total_tax_value, COUNT(*) AS registros FROM ""treasury"".""cash_note_tax"" AS t JOIN ""accounting"".""account"" AS r ON t.account_id = r.id WHERE t.member_id = $1 AND t.audit_status <> 'D' AND r.name ILIKE '%LOCAL%' GROUP BY r.id, r.name ORDER BY total_tax_value DESC LIMIT 100;"
2830,TestMultiturn17,6,NO_SQL,,ns_ok,"Perfecto, entendido.",
2831,TestMultiturn18,1,NO_SQL,,ns_saludo,"Hola, buenos días.",
2832,TestMultiturn18,2,EXECUTE_SQL,,seed_sql,"Para mi empresa, necesito un resumen combinando core - resource type y cuentas por cobrar - netting detail, agrupando por empresa (member_id) y mostrando la suma del campo crossing_balance y el número de registros asociados. Cuando puedas.","SELECT t1.member_id, SUM(d.crossing_balance) AS total_crossing_balance, COUNT(*) AS registros FROM ""core"".""resource_type"" AS t1 JOIN ""account_receivable"".""netting_detail"" AS d ON d.member_id = t1.member_id WHERE t1.member_id = $1 AND t1.audit_status <> 'D' GROUP BY t1.member_id ORDER BY total_crossing_balance DESC LIMIT 100;"
2833,TestMultiturn18,3,EXECUTE_SQL,2,ctx_max,"De ese resultado, ¿cuál tiene el valor más alto?","SELECT t1.member_id, SUM(d.crossing_balance) AS total_crossing_balance, COUNT(*) AS registros FROM ""core"".""resource_type"" AS t1 JOIN ""account_receivable"".""netting_detail"" AS d ON d.member_id = t1.member_id WHERE t1.member_id = $1 AND t1.audit_status <> 'D' GROUP BY t1.member_id ORDER BY total_crossing_balance DESC ORDER BY total_crossing_balance DESC LIMIT 1;"
2834,TestMultiturn18,4,EXECUTE_SQL,2,ctx_orden,Ordena ese resultado de mayor a menor.,"SELECT t1.member_id, SUM(d.crossing_balance) AS total_crossing_balance, COUNT(*) AS registros FROM ""core"".""resource_type"" AS t1 JOIN ""account_receivable"".""netting_detail"" AS d ON d.member_id = t1.member_id WHERE t1.member_id = $1 AND t1.audit_status <> 'D' GROUP BY t1.member_id ORDER BY total_crossing_balance DESC ORDER BY total_crossing_balance DESC LIMIT 100;"
2835,TestMultiturn18,5,EXECUTE_SQL,,switch_sql,"Ahora, cambiando de tema: indícame la cantidad de cotizaciones de venta junto con la suma del descuento adicional y del valor del descuento. Es urgente.","SELECT COUNT(*) AS cantidad, SUM(additional_discount_value) AS total_additional_discount_value, SUM(discount_value) AS total_discount_value FROM ""order"".""sales_quote"" WHERE member_id = $1 AND audit_status <> 'D' LIMIT 100;"
2836,TestMultiturn18,6,NO_SQL,,ns_offtopic,"Oye, ¿y me recomiendas algo para almorzar hoy?",
2837,TestMultiturn19,1,NO_SQL,,ns_saludo,"Hola, buenos días.",
2838,TestMultiturn19,2,EXECUTE_SQL,,seed_sql,¿Cuál es el saldo más bajo registrado en saldos por pagar? Por favor.,"SELECT MIN(balance) FROM ""account_payable"".""balance"" WHERE member_id = $1 LIMIT 100;"
2839,TestMultiturn19,3,EXECUTE_SQL,2,ctx_top5,"De ese resultado, muéstrame solo los primeros 5.","SELECT MIN(balance) FROM ""account_payable"".""balance"" WHERE member_id = $1 LIMIT 5;"
2840,TestMultiturn19,4,CLARIFY,,cl_comparar,Compáralo.,
2841,TestMultiturn19,5,NO_SQL,,ns_offtopic,"Oye, ¿y me recomiendas algo para almorzar hoy?",
2842,TestMultiturn19,6,EXECUTE_SQL,2,ctx_total,¿Cuántos registros dio ese resultado en total?,"SELECT COUNT(*) AS total_registros FROM ( SELECT MIN(balance) FROM ""account_payable"".""balance"" WHERE member_id = $1 ) AS sub;"
2843,TestMultiturn19,7,NO_SQL,2,ns_explica,¿Me puedes explicar qué significa ese dato?,
2844,TestMultiturn19,8,EXECUTE_SQL,2,ctx_top5,"De ese resultado, muéstrame solo los primeros 5.","SELECT MIN(balance) FROM ""account_payable"".""balance"" WHERE member_id = $1 LIMIT 5;"
2845,TestMultiturn20,1,NO_SQL,,ns_saludo,"Hola, buenos días.",
2846,TestMultiturn20,2,EXECUTE_SQL,,seed_sql,"Lista los treasury - payment method activos, solo necesito el nombre.","SELECT name FROM ""treasury"".""payment_method"" WHERE member_id = $1 AND is_active = TRUE AND audit_status <> 'D' LIMIT 100;"
2847,TestMultiturn20,3,EXECUTE_SQL,2,ctx_total,¿Cuántos registros dio ese resultado en total?,"SELECT COUNT(*) AS total_registros FROM ( SELECT name FROM ""treasury"".""payment_method"" WHERE member_id = $1 AND is_active = TRUE AND audit_status <> 'D' ) AS sub;"
2848,TestMultiturn20,4,EXECUTE_SQL,2,ctx_top5,"De ese resultado, muéstrame solo los primeros 5.","SELECT name FROM ""treasury"".""payment_method"" WHERE member_id = $1 AND is_active = TRUE AND audit_status <> 'D' LIMIT 5;"
2849,TestMultiturn20,5,NO_SQL,,ns_gracias,"Listo, muchas gracias, justo lo que necesitaba.",
2850,TestMultiturn21,1,EXECUTE_SQL,,seed_sql,"Suministrame los primeros 10 pos - concept que se crearon en el sistema, con el nombre y la fecha de creación. Cuando puedas.","SELECT name, created_at FROM ""pos"".""concept"" WHERE member_id = $1 AND audit_status <> 'D' ORDER BY created_at ASC LIMIT 10;"
2851,TestMultiturn21,2,EXECUTE_SQL,1,ctx_top5,"De ese resultado, muéstrame solo los primeros 5.","SELECT name, created_at FROM ""pos"".""concept"" WHERE member_id = $1 AND audit_status <> 'D' ORDER BY created_at ASC LIMIT 5;"
2852,TestMultiturn21,3,EXECUTE_SQL,1,ctx_total,¿Cuántos registros dio ese resultado en total?,"SELECT COUNT(*) AS total_registros FROM ( SELECT name, created_at FROM ""pos"".""concept"" WHERE member_id = $1 AND audit_status <> 'D' ORDER BY created_at ASC ) AS sub;"
2853,TestMultiturn21,4,EXECUTE_SQL,1,ctx_top5,"De ese resultado, muéstrame solo los primeros 5.","SELECT name, created_at FROM ""pos"".""concept"" WHERE member_id = $1 AND audit_status <> 'D' ORDER BY created_at ASC LIMIT 5;"
2854,TestMultiturn21,5,EXECUTE_SQL,,switch_sql,"Ahora, cambiando de tema: quiero saber, por cada centro de costo, la suma de la cantidad y la cantidad de cuentas por cobrar - invoice return detail asociados; incluye el nombre del centro de costo.","SELECT r.name AS centro_de_costo, SUM(t.base_quantity) AS total_base_quantity, COUNT(*) AS registros FROM ""account_receivable"".""invoice_return_detail"" AS t JOIN ""core"".""cost_center"" AS r ON t.cost_center_id = r.id WHERE t.member_id = $1 AND t.audit_status <> 'D' GROUP BY r.id, r.name ORDER BY total_base_quantity DESC LIMIT 100;"
2855,TestMultiturn21,6,EXECUTE_SQL,5,ctx_orden,Ordena ese resultado de mayor a menor.,"SELECT r.name AS centro_de_costo, SUM(t.base_quantity) AS total_base_quantity, COUNT(*) AS registros FROM ""account_receivable"".""invoice_return_detail"" AS t JOIN ""core"".""cost_center"" AS r ON t.cost_center_id = r.id WHERE t.member_id = $1 AND t.audit_status <> 'D' GROUP BY r.id, r.name ORDER BY total_base_quantity DESC ORDER BY total_base_quantity DESC LIMIT 100;"
2856,TestMultiturn21,7,NO_SQL,,ns_saludo,"Hola, buenas, ¿cómo vas?",
2857,TestMultiturn22,1,EXECUTE_SQL,,seed_sql,¿Cuántos cuentas por pagar - conditional discount hay por cada cuenta contable?,"SELECT t.account_id AS account_id, COUNT(*) AS registros FROM ""account_payable"".""conditional_discount"" AS t WHERE t.member_id = $1 AND t.audit_status <> 'D' GROUP BY t.account_id ORDER BY registros DESC LIMIT 100;"
2858,TestMultiturn22,2,EXECUTE_SQL,1,ctx_top5,"De ese resultado, muéstrame solo los primeros 5.","SELECT t.account_id AS account_id, COUNT(*) AS registros FROM ""account_payable"".""conditional_discount"" AS t WHERE t.member_id = $1 AND t.audit_status <> 'D' GROUP BY t.account_id ORDER BY registros DESC LIMIT 5;"
2859,TestMultiturn22,3,EXECUTE_SQL,1,ctx_total,¿Cuántos registros dio ese resultado en total?,"SELECT COUNT(*) AS total_registros FROM ( SELECT t.account_id AS account_id, COUNT(*) AS registros FROM ""account_payable"".""conditional_discount"" AS t WHERE t.member_id = $1 AND t.audit_status <> 'D' GROUP BY t.account_id ORDER BY registros DESC ) AS sub;"
2860,TestMultiturn22,4,EXECUTE_SQL,1,ctx_orden,Ordena ese resultado de mayor a menor.,"SELECT t.account_id AS account_id, COUNT(*) AS registros FROM ""account_payable"".""conditional_discount"" AS t WHERE t.member_id = $1 AND t.audit_status <> 'D' GROUP BY t.account_id ORDER BY registros DESC ORDER BY registros DESC LIMIT 100;"
2861,TestMultiturn22,5,NO_SQL,1,ns_explica,¿Me puedes explicar qué significa ese dato?,
2862,TestMultiturn22,6,NO_SQL,,ns_saludo,"Hola, buenas, ¿cómo vas?",
2863,TestMultiturn22,7,EXECUTE_SQL,1,ctx_max,"De ese resultado, ¿cuál tiene el valor más alto?","SELECT t.account_id AS account_id, COUNT(*) AS registros FROM ""account_payable"".""conditional_discount"" AS t WHERE t.member_id = $1 AND t.audit_status <> 'D' GROUP BY t.account_id ORDER BY registros DESC ORDER BY registros DESC LIMIT 1;"
2864,TestMultiturn22,8,EXECUTE_SQL,1,ctx_top5,"De ese resultado, muéstrame solo los primeros 5.","SELECT t.account_id AS account_id, COUNT(*) AS registros FROM ""account_payable"".""conditional_discount"" AS t WHERE t.member_id = $1 AND t.audit_status <> 'D' GROUP BY t.account_id ORDER BY registros DESC LIMIT 5;"
2865,TestMultiturn22,9,EXECUTE_SQL,1,ctx_max,"De ese resultado, ¿cuál tiene el valor más alto?","SELECT t.account_id AS account_id, COUNT(*) AS registros FROM ""account_payable"".""conditional_discount"" AS t WHERE t.member_id = $1 AND t.audit_status <> 'D' GROUP BY t.account_id ORDER BY registros DESC ORDER BY registros DESC LIMIT 1;"
2866,TestMultiturn22,10,CLARIFY,,cl_siempre,Muéstrame lo de siempre.,
2867,TestMultiturn23,1,EXECUTE_SQL,,seed_sql,Me puedes indicar por favor la cantidad total de core - comment. Por favor.,"SELECT COUNT(*) FROM ""core"".""comment"" WHERE member_id = $1 AND audit_status <> 'D' LIMIT 100;"
2868,TestMultiturn23,2,EXECUTE_SQL,1,ctx_total,¿Cuántos registros dio ese resultado en total?,"SELECT COUNT(*) AS total_registros FROM ( SELECT COUNT(*) FROM ""core"".""comment"" WHERE member_id = $1 AND audit_status <> 'D' ) AS sub;"
2869,TestMultiturn23,3,NO_SQL,,ns_gracias,"Listo, muchas gracias, justo lo que necesitaba.",
2870,TestMultiturn23,4,EXECUTE_SQL,1,ctx_top5,"De ese resultado, muéstrame solo los primeros 5.","SELECT COUNT(*) FROM ""core"".""comment"" WHERE member_id = $1 AND audit_status <> 'D' LIMIT 5;"
2871,TestMultiturn23,5,EXECUTE_SQL,1,ctx_top5,"De ese resultado, muéstrame solo los primeros 5.","SELECT COUNT(*) FROM ""core"".""comment"" WHERE member_id = $1 AND audit_status <> 'D' LIMIT 5;"
2872,TestMultiturn23,6,EXECUTE_SQL,,switch_sql,"Ahora, cambiando de tema: ¿Cuál es el nombre del integration - proc con código 1105? Cuando puedas.","SELECT name FROM ""integration"".""process"" WHERE member_id = $1 AND audit_status <> 'D' AND code = '1105' LIMIT 100;"
2873,TestMultiturn23,7,NO_SQL,,ns_capacidad,¿Qué otras cosas puedes consultar de mi empresa?,
2874,TestMultiturn23,8,EXECUTE_SQL,6,ctx_total,¿Cuántos registros dio ese resultado en total?,"SELECT COUNT(*) AS total_registros FROM ( SELECT name FROM ""integration"".""process"" WHERE member_id = $1 AND audit_status <> 'D' AND code = '1105' ) AS sub;"
2875,TestMultiturn23,9,EXECUTE_SQL,6,ctx_top5,"De ese resultado, muéstrame solo los primeros 5.","SELECT name FROM ""integration"".""process"" WHERE member_id = $1 AND audit_status <> 'D' AND code = '1105' LIMIT 5;"
2876,TestMultiturn23,10,NO_SQL,,ns_opinion,¿Ese número te parece normal para un negocio como el mío?,
2877,TestMultiturn24,1,EXECUTE_SQL,,seed_sql,Regálame los nombres de los diferentes ruta que se han usado en los precios de flete. Por favor.,"SELECT DISTINCT r.name AS ruta FROM ""national_transport"".""freight_prices"" AS t JOIN ""national_transport"".""route"" AS r ON t.route_id = r.id WHERE t.member_id = $1 AND t.audit_status <> 'D' LIMIT 100;"
2878,TestMultiturn24,2,EXECUTE_SQL,1,ctx_top5,"De ese resultado, muéstrame solo los primeros 5.","SELECT DISTINCT r.name AS ruta FROM ""national_transport"".""freight_prices"" AS t JOIN ""national_transport"".""route"" AS r ON t.route_id = r.id WHERE t.member_id = $1 AND t.audit_status <> 'D' LIMIT 5;"
2879,TestMultiturn24,3,EXECUTE_SQL,1,ctx_total,¿Cuántos registros dio ese resultado en total?,"SELECT COUNT(*) AS total_registros FROM ( SELECT DISTINCT r.name AS ruta FROM ""national_transport"".""freight_prices"" AS t JOIN ""national_transport"".""route"" AS r ON t.route_id = r.id WHERE t.member_id = $1 AND t.audit_status <> 'D' ) AS sub;"
2880,TestMultiturn24,4,NO_SQL,1,ns_explica,¿Me puedes explicar qué significa ese dato?,
2881,TestMultiturn24,5,CLARIFY,,cl_otro,"Y lo otro también, porfa.",
2882,TestMultiturn24,6,EXECUTE_SQL,,switch_sql,"Ahora, cambiando de tema: dame el total del valor del anticipo de los manifiestos de carga cuyo operacion contiene 'MAYOR' en el nombre, agrupado por operacion.","SELECT r.name AS operacion, SUM(t.advance_value) AS total_advance_value, COUNT(*) AS registros FROM ""national_transport"".""manifest"" AS t JOIN ""core"".""operation"" AS r ON t.operation_id = r.id WHERE t.member_id = $1 AND t.audit_status <> 'D' AND r.name ILIKE '%MAYOR%' GROUP BY r.id, r.name ORDER BY total_advance_value DESC LIMIT 100;"
2883,TestMultiturn24,7,NO_SQL,,ns_capacidad,¿Qué otras cosas puedes consultar de mi empresa?,
2884,TestMultiturn25,1,EXECUTE_SQL,,seed_sql,¿Cuál es el promedio del campo total_advance_value por proveedor en transporte - legalization? Es urgente.,"SELECT t.supplier_detail_id AS supplier_detail_id, AVG(t.total_advance_value) AS promedio_total_advance_value FROM ""national_transport"".""legalization"" AS t WHERE t.member_id = $1 AND t.audit_status <> 'D' GROUP BY t.supplier_detail_id ORDER BY promedio_total_advance_value DESC LIMIT 100;"
2885,TestMultiturn25,2,CLARIFY,,cl_vago,Dame los datos.,
2886,TestMultiturn25,3,NO_SQL,,ns_capacidad,¿Qué otras cosas puedes consultar de mi empresa?,
2887,TestMultiturn25,4,CLARIFY,,cl_comparar,Compáralo.,
2888,TestMultiturn25,5,EXECUTE_SQL,1,ctx_orden,Ordena ese resultado de mayor a menor.,"SELECT t.supplier_detail_id AS supplier_detail_id, AVG(t.total_advance_value) AS promedio_total_advance_value FROM ""national_transport"".""legalization"" AS t WHERE t.member_id = $1 AND t.audit_status <> 'D' GROUP BY t.supplier_detail_id ORDER BY promedio_total_advance_value DESC ORDER BY promedio_total_advance_value DESC LIMIT 100;"
2889,TestMultiturn25,6,EXECUTE_SQL,1,ctx_top5,"De ese resultado, muéstrame solo los primeros 5.","SELECT t.supplier_detail_id AS supplier_detail_id, AVG(t.total_advance_value) AS promedio_total_advance_value FROM ""national_transport"".""legalization"" AS t WHERE t.member_id = $1 AND t.audit_status <> 'D' GROUP BY t.supplier_detail_id ORDER BY promedio_total_advance_value DESC LIMIT 5;"
2890,TestMultiturn25,7,CLARIFY,,cl_otro,"Y lo otro también, porfa.",
2891,TestMultiturn25,8,NO_SQL,,ns_gracias,"Listo, muchas gracias, justo lo que necesitaba.",
2892,TestMultiturn25,9,CLARIFY,,cl_siempre,Muéstrame lo de siempre.,
2893,TestMultiturn26,1,EXECUTE_SQL,,seed_sql,¿Cuál es el campo payment_value más alto registrado en treasury - income payment? Gracias.,"SELECT MAX(payment_value) FROM ""treasury"".""income_payment"" WHERE member_id = $1 AND audit_status <> 'D' LIMIT 100;"
2894,TestMultiturn26,2,NO_SQL,,ns_saludo,"Hola, buenas, ¿cómo vas?",
2895,TestMultiturn26,3,EXECUTE_SQL,1,ctx_top5,"De ese resultado, muéstrame solo los primeros 5.","SELECT MAX(payment_value) FROM ""treasury"".""income_payment"" WHERE member_id = $1 AND audit_status <> 'D' LIMIT 5;"
2896,TestMultiturn26,4,EXECUTE_SQL,1,ctx_total,¿Cuántos registros dio ese resultado en total?,"SELECT COUNT(*) AS total_registros FROM ( SELECT MAX(payment_value) FROM ""treasury"".""income_payment"" WHERE member_id = $1 AND audit_status <> 'D' ) AS sub;"
2897,TestMultiturn26,5,EXECUTE_SQL,1,ctx_total,¿Cuántos registros dio ese resultado en total?,"SELECT COUNT(*) AS total_registros FROM ( SELECT MAX(payment_value) FROM ""treasury"".""income_payment"" WHERE member_id = $1 AND audit_status <> 'D' ) AS sub;"
2898,TestMultiturn26,6,CLARIFY,,cl_otro,"Y lo otro también, porfa.",
2899,TestMultiturn27,1,EXECUTE_SQL,,seed_sql,"Indícame los últimos 5 cuentas por cobrar - customer type que se han creado, solo requiero el nombre y la fecha de creación. Es urgente.","SELECT name, created_at FROM ""account_receivable"".""customer_type"" WHERE member_id = $1 AND audit_status <> 'D' ORDER BY created_at DESC LIMIT 5;"
2900,TestMultiturn27,2,NO_SQL,,ns_offtopic,"Oye, ¿y me recomiendas algo para almorzar hoy?",
2901,TestMultiturn27,3,EXECUTE_SQL,1,ctx_total,¿Cuántos registros dio ese resultado en total?,"SELECT COUNT(*) AS total_registros FROM ( SELECT name, created_at FROM ""account_receivable"".""customer_type"" WHERE member_id = $1 AND audit_status <> 'D' ORDER BY created_at DESC ) AS sub;"
2902,TestMultiturn27,4,EXECUTE_SQL,,switch_sql,"Ahora, cambiando de tema: para mi empresa, necesito un resumen combinando treasury - payment method y cuentas por cobrar - configuration, agrupando por empresa (member_id) y mostrando la suma del saldo maximo y el número de registros asociados. Por favor.","SELECT t1.member_id, SUM(d.max_balance) AS total_max_balance, COUNT(*) AS registros FROM ""treasury"".""payment_method"" AS t1 JOIN ""account_receivable"".""configuration"" AS d ON d.member_id = t1.member_id WHERE t1.member_id = $1 AND t1.audit_status <> 'D' GROUP BY t1.member_id ORDER BY total_max_balance DESC LIMIT 100;"
2903,TestMultiturn27,5,CLARIFY,,cl_comparar,Compáralo.,
2904,TestMultiturn27,6,EXECUTE_SQL,4,ctx_promedio,"Y en vez de la suma, dame el promedio.","SELECT t1.member_id, AVG(d.max_balance) AS total_max_balance, COUNT(*) AS registros FROM ""treasury"".""payment_method"" AS t1 JOIN ""account_receivable"".""configuration"" AS d ON d.member_id = t1.member_id WHERE t1.member_id = $1 AND t1.audit_status <> 'D' GROUP BY t1.member_id ORDER BY total_max_balance DESC LIMIT 100;"
2905,TestMultiturn28,1,EXECUTE_SQL,,seed_sql,¿Cuántos fixed_asset - group revaluation f class hay por cada valor de la columna group_book_id? Cuando puedas.,"SELECT t.group_book_id AS group_book_id, COUNT(*) AS registros FROM ""fixed_asset"".""group_revaluation_f_class"" AS t WHERE t.member_id = $1 AND t.audit_status <> 'D' GROUP BY t.group_book_id ORDER BY registros DESC LIMIT 100;"
2906,TestMultiturn28,2,EXECUTE_SQL,1,ctx_max,"De ese resultado, ¿cuál tiene el valor más alto?","SELECT t.group_book_id AS group_book_id, COUNT(*) AS registros FROM ""fixed_asset"".""group_revaluation_f_class"" AS t WHERE t.member_id = $1 AND t.audit_status <> 'D' GROUP BY t.group_book_id ORDER BY registros DESC ORDER BY registros DESC LIMIT 1;"
2907,TestMultiturn28,3,EXECUTE_SQL,1,ctx_orden,Ordena ese resultado de mayor a menor.,"SELECT t.group_book_id AS group_book_id, COUNT(*) AS registros FROM ""fixed_asset"".""group_revaluation_f_class"" AS t WHERE t.member_id = $1 AND t.audit_status <> 'D' GROUP BY t.group_book_id ORDER BY registros DESC ORDER BY registros DESC LIMIT 100;"
2908,TestMultiturn28,4,NO_SQL,,ns_ok,"Perfecto, entendido.",
2909,TestMultiturn28,5,CLARIFY,,cl_siempre,Muéstrame lo de siempre.,
2910,TestMultiturn28,6,NO_SQL,,ns_saludo,"Hola, buenas, ¿cómo vas?",
2911,TestMultiturn29,1,EXECUTE_SQL,,seed_sql,Regálame los nombres de los diferentes condicion comercial que se han usado en los cuentas por cobrar - commercial condition detail. Por favor.,"SELECT DISTINCT r.name AS condicion_comercial FROM ""account_receivable"".""commercial_condition_detail"" AS t JOIN ""account_receivable"".""commercial_condition"" AS r ON t.commercial_condition_id = r.id WHERE t.member_id = $1 AND t.audit_status <> 'D' LIMIT 100;"
2912,TestMultiturn29,2,CLARIFY,,cl_siempre,Muéstrame lo de siempre.,
2913,TestMultiturn29,3,NO_SQL,,ns_opinion,¿Ese número te parece normal para un negocio como el mío?,
2914,TestMultiturn29,4,EXECUTE_SQL,,switch_sql,"Ahora, cambiando de tema: indícame el nombre del operacion del integration - sao concept con código 1305. Cuando puedas.","SELECT r.name AS operacion FROM ""integration"".""sao_concept"" AS t JOIN ""core"".""operation"" AS r ON t.operation_id = r.id WHERE t.member_id = $1 AND t.audit_status <> 'D' AND t.code = '1305' LIMIT 100;"
2915,TestMultiturn29,5,EXECUTE_SQL,4,ctx_top5,"De ese resultado, muéstrame solo los primeros 5.","SELECT r.name AS operacion FROM ""integration"".""sao_concept"" AS t JOIN ""core"".""operation"" AS r ON t.operation_id = r.id WHERE t.member_id = $1 AND t.audit_status <> 'D' AND t.code = '1305' LIMIT 5;"
2916,TestMultiturn29,6,EXECUTE_SQL,4,ctx_total,¿Cuántos registros dio ese resultado en total?,"SELECT COUNT(*) AS total_registros FROM ( SELECT r.name AS operacion FROM ""integration"".""sao_concept"" AS t JOIN ""core"".""operation"" AS r ON t.operation_id = r.id WHERE t.member_id = $1 AND t.audit_status <> 'D' AND t.code = '1305' ) AS sub;"
2917,TestMultiturn29,7,EXECUTE_SQL,4,ctx_total,¿Cuántos registros dio ese resultado en total?,"SELECT COUNT(*) AS total_registros FROM ( SELECT r.name AS operacion FROM ""integration"".""sao_concept"" AS t JOIN ""core"".""operation"" AS r ON t.operation_id = r.id WHERE t.member_id = $1 AND t.audit_status <> 'D' AND t.code = '1305' ) AS sub;"
2918,TestMultiturn30,1,EXECUTE_SQL,,seed_sql,Me puedes indicar por favor la cantidad total de treasury - cash. Por favor.,"SELECT COUNT(*) FROM ""treasury"".""cash"" WHERE member_id = $1 AND audit_status <> 'D' LIMIT 100;"
2919,TestMultiturn30,2,NO_SQL,,ns_identidad,¿Y tú quién eres exactamente?,
2920,TestMultiturn30,3,EXECUTE_SQL,1,ctx_total,¿Cuántos registros dio ese resultado en total?,"SELECT COUNT(*) AS total_registros FROM ( SELECT COUNT(*) FROM ""treasury"".""cash"" WHERE member_id = $1 AND audit_status <> 'D' ) AS sub;"
2921,TestMultiturn30,4,CLARIFY,,cl_comparar,Compáralo.,
2922,TestMultiturn30,5,EXECUTE_SQL,1,ctx_top5,"De ese resultado, muéstrame solo los primeros 5.","SELECT COUNT(*) FROM ""treasury"".""cash"" WHERE member_id = $1 AND audit_status <> 'D' LIMIT 5;"
2923,TestMultiturn30,6,EXECUTE_SQL,1,ctx_total,¿Cuántos registros dio ese resultado en total?,"SELECT COUNT(*) AS total_registros FROM ( SELECT COUNT(*) FROM ""treasury"".""cash"" WHERE member_id = $1 AND audit_status <> 'D' ) AS sub;"
2924,TestMultiturn30,7,CLARIFY,,cl_siempre,Muéstrame lo de siempre.,
2925,TestMultiturn30,8,NO_SQL,1,ns_explica,¿Me puedes explicar qué significa ese dato?,
2926,TestMultiturn31,1,EXECUTE_SQL,,seed_sql,"Para mi empresa, quiero ver por cada amortizacion la suma del valor amortizado y cuántos registros hay en accounting - amortization detail. Es urgente.","SELECT t.amortization_id AS amortization_id, SUM(t.amortized_value) AS total_amortized_value, COUNT(*) AS registros FROM ""accounting"".""amortization_detail"" AS t WHERE t.member_id = $1 AND t.audit_status <> 'D' GROUP BY t.amortization_id ORDER BY total_amortized_value DESC LIMIT 100;"
2927,TestMultiturn31,2,CLARIFY,,cl_siempre,Muéstrame lo de siempre.,
2928,TestMultiturn31,3,EXECUTE_SQL,1,ctx_max,"De ese resultado, ¿cuál tiene el valor más alto?","SELECT t.amortization_id AS amortization_id, SUM(t.amortized_value) AS total_amortized_value, COUNT(*) AS registros FROM ""accounting"".""amortization_detail"" AS t WHERE t.member_id = $1 AND t.audit_status <> 'D' GROUP BY t.amortization_id ORDER BY total_amortized_value DESC ORDER BY total_amortized_value DESC LIMIT 1;"
2929,TestMultiturn31,4,EXECUTE_SQL,1,ctx_total,¿Cuántos registros dio ese resultado en total?,"SELECT COUNT(*) AS total_registros FROM ( SELECT t.amortization_id AS amortization_id, SUM(t.amortized_value) AS total_amortized_value, COUNT(*) AS registros FROM ""accounting"".""amortization_detail"" AS t WHERE t.member_id = $1 AND t.audit_status <> 'D' GROUP BY t.amortization_id ORDER BY total_amortized_value DESC ) AS sub;"
2930,TestMultiturn31,5,EXECUTE_SQL,1,ctx_orden,Ordena ese resultado de mayor a menor.,"SELECT t.amortization_id AS amortization_id, SUM(t.amortized_value) AS total_amortized_value, COUNT(*) AS registros FROM ""accounting"".""amortization_detail"" AS t WHERE t.member_id = $1 AND t.audit_status <> 'D' GROUP BY t.amortization_id ORDER BY total_amortized_value DESC ORDER BY total_amortized_value DESC LIMIT 100;"
2931,TestMultiturn31,6,EXECUTE_SQL,1,ctx_promedio,"Y en vez de la suma, dame el promedio.","SELECT t.amortization_id AS amortization_id, AVG(t.amortized_value) AS total_amortized_value, COUNT(*) AS registros FROM ""accounting"".""amortization_detail"" AS t WHERE t.member_id = $1 AND t.audit_status <> 'D' GROUP BY t.amortization_id ORDER BY total_amortized_value DESC LIMIT 100;"
2932,TestMultiturn31,7,EXECUTE_SQL,1,ctx_top5,"De ese resultado, muéstrame solo los primeros 5.","SELECT t.amortization_id AS amortization_id, SUM(t.amortized_value) AS total_amortized_value, COUNT(*) AS registros FROM ""accounting"".""amortization_detail"" AS t WHERE t.member_id = $1 AND t.audit_status <> 'D' GROUP BY t.amortization_id ORDER BY total_amortized_value DESC LIMIT 5;"
2933,TestMultiturn31,8,EXECUTE_SQL,1,ctx_top5,"De ese resultado, muéstrame solo los primeros 5.","SELECT t.amortization_id AS amortization_id, SUM(t.amortized_value) AS total_amortized_value, COUNT(*) AS registros FROM ""accounting"".""amortization_detail"" AS t WHERE t.member_id = $1 AND t.audit_status <> 'D' GROUP BY t.amortization_id ORDER BY total_amortized_value DESC LIMIT 5;"
2934,TestMultiturn31,9,NO_SQL,,ns_opinion,¿Ese número te parece normal para un negocio como el mío?,
2935,TestMultiturn31,10,CLARIFY,,cl_vago,Dame los datos.,
2936,TestMultiturn32,1,EXECUTE_SQL,,seed_sql,"Para mi empresa, dame la suma del precio de los transporte - service order detail additional cost agrupada por producto, mostrando el nombre del producto y cuántos registros tiene cada uno. Muchas gracias.","SELECT r.name AS producto, SUM(t.price) AS total_price, COUNT(*) AS registros FROM ""national_transport"".""service_order_detail_additional_cost"" AS t JOIN ""inventory"".""product"" AS r ON t.product_id = r.id WHERE t.member_id = $1 AND t.audit_status <> 'D' GROUP BY r.id, r.name ORDER BY total_price DESC LIMIT 100;"
2937,TestMultiturn32,2,EXECUTE_SQL,1,ctx_promedio,"Y en vez de la suma, dame el promedio.","SELECT r.name AS producto, AVG(t.price) AS total_price, COUNT(*) AS registros FROM ""national_transport"".""service_order_detail_additional_cost"" AS t JOIN ""inventory"".""product"" AS r ON t.product_id = r.id WHERE t.member_id = $1 AND t.audit_status <> 'D' GROUP BY r.id, r.name ORDER BY total_price DESC LIMIT 100;"
2938,TestMultiturn32,3,EXECUTE_SQL,,switch_sql,"Ahora, cambiando de tema: para mi empresa, quiero ver por cada tipo de descuento la suma del valor del descuento y cuántos registros hay en cuentas por pagar - return invoice. Por favor.","SELECT t.discount_type_id AS discount_type_id, SUM(t.discount_value) AS total_discount_value, COUNT(*) AS registros FROM ""account_payable"".""return_invoice"" AS t WHERE t.member_id = $1 AND t.audit_status <> 'D' GROUP BY t.discount_type_id ORDER BY total_discount_value DESC LIMIT 100;"
2939,TestMultiturn32,4,EXECUTE_SQL,3,ctx_max,"De ese resultado, ¿cuál tiene el valor más alto?","SELECT t.discount_type_id AS discount_type_id, SUM(t.discount_value) AS total_discount_value, COUNT(*) AS registros FROM ""account_payable"".""return_invoice"" AS t WHERE t.member_id = $1 AND t.audit_status <> 'D' GROUP BY t.discount_type_id ORDER BY total_discount_value DESC ORDER BY total_discount_value DESC LIMIT 1;"
2940,TestMultiturn32,5,EXECUTE_SQL,3,ctx_top5,"De ese resultado, muéstrame solo los primeros 5.","SELECT t.discount_type_id AS discount_type_id, SUM(t.discount_value) AS total_discount_value, COUNT(*) AS registros FROM ""account_payable"".""return_invoice"" AS t WHERE t.member_id = $1 AND t.audit_status <> 'D' GROUP BY t.discount_type_id ORDER BY total_discount_value DESC LIMIT 5;"
2941,TestMultiturn32,6,CLARIFY,,cl_eso,¿Y eso cómo va?,
2942,TestMultiturn32,7,EXECUTE_SQL,3,ctx_orden,Ordena ese resultado de mayor a menor.,"SELECT t.discount_type_id AS discount_type_id, SUM(t.discount_value) AS total_discount_value, COUNT(*) AS registros FROM ""account_payable"".""return_invoice"" AS t WHERE t.member_id = $1 AND t.audit_status <> 'D' GROUP BY t.discount_type_id ORDER BY total_discount_value DESC ORDER BY total_discount_value DESC LIMIT 100;"
2943,TestMultiturn32,8,EXECUTE_SQL,3,ctx_total,¿Cuántos registros dio ese resultado en total?,"SELECT COUNT(*) AS total_registros FROM ( SELECT t.discount_type_id AS discount_type_id, SUM(t.discount_value) AS total_discount_value, COUNT(*) AS registros FROM ""account_payable"".""return_invoice"" AS t WHERE t.member_id = $1 AND t.audit_status <> 'D' GROUP BY t.discount_type_id ORDER BY total_discount_value DESC ) AS sub;"
2944,TestMultiturn32,9,NO_SQL,,ns_identidad,¿Y tú quién eres exactamente?,
2945,TestMultiturn32,10,EXECUTE_SQL,3,ctx_top5,"De ese resultado, muéstrame solo los primeros 5.","SELECT t.discount_type_id AS discount_type_id, SUM(t.discount_value) AS total_discount_value, COUNT(*) AS registros FROM ""account_payable"".""return_invoice"" AS t WHERE t.member_id = $1 AND t.audit_status <> 'D' GROUP BY t.discount_type_id ORDER BY total_discount_value DESC LIMIT 5;"
2946,TestMultiturn33,1,NO_SQL,,ns_saludo,"Hola, buenos días.",
2947,TestMultiturn33,2,EXECUTE_SQL,,seed_sql,Dime la cantidad de stakeholder - principal que se encuentran activos. Por favor.,"SELECT COUNT(*) FROM ""stakeholder"".""principal"" WHERE member_id = $1 AND is_active = TRUE AND audit_status <> 'D' LIMIT 100;"
2948,TestMultiturn33,3,CLARIFY,,cl_eso,¿Y eso cómo va?,
2949,TestMultiturn33,4,EXECUTE_SQL,2,ctx_top5,"De ese resultado, muéstrame solo los primeros 5.","SELECT COUNT(*) FROM ""stakeholder"".""principal"" WHERE member_id = $1 AND is_active = TRUE AND audit_status <> 'D' LIMIT 5;"
2950,TestMultiturn33,5,NO_SQL,,ns_opinion,¿Ese número te parece normal para un negocio como el mío?,
2951,TestMultiturn33,6,EXECUTE_SQL,2,ctx_total,¿Cuántos registros dio ese resultado en total?,"SELECT COUNT(*) AS total_registros FROM ( SELECT COUNT(*) FROM ""stakeholder"".""principal"" WHERE member_id = $1 AND is_active = TRUE AND audit_status <> 'D' ) AS sub;"
2952,TestMultiturn33,7,EXECUTE_SQL,2,ctx_total,¿Cuántos registros dio ese resultado en total?,"SELECT COUNT(*) AS total_registros FROM ( SELECT COUNT(*) FROM ""stakeholder"".""principal"" WHERE member_id = $1 AND is_active = TRUE AND audit_status <> 'D' ) AS sub;"
2953,TestMultiturn33,8,EXECUTE_SQL,2,ctx_top5,"De ese resultado, muéstrame solo los primeros 5.","SELECT COUNT(*) FROM ""stakeholder"".""principal"" WHERE member_id = $1 AND is_active = TRUE AND audit_status <> 'D' LIMIT 5;"
2954,TestMultiturn33,9,CLARIFY,,cl_siempre,Muéstrame lo de siempre.,
2955,TestMultiturn34,1,EXECUTE_SQL,,seed_sql,"Para mi empresa, dame la suma del descuento adicional de los pedidos agrupada por bodega, mostrando el nombre del bodega y cuántos registros tiene cada uno. Por favor.","SELECT r.name AS bodega, SUM(t.additional_discount_value) AS total_additional_discount_value, COUNT(*) AS registros FROM ""order"".""order"" AS t JOIN ""inventory"".""warehouse"" AS r ON t.warehouse_id = r.id WHERE t.member_id = $1 AND t.audit_status <> 'D' GROUP BY r.id, r.name ORDER BY total_additional_discount_value DESC LIMIT 100;"
2956,TestMultiturn34,2,NO_SQL,,ns_offtopic,"Oye, ¿y me recomiendas algo para almorzar hoy?",
2957,TestMultiturn34,3,EXECUTE_SQL,1,ctx_promedio,"Y en vez de la suma, dame el promedio.","SELECT r.name AS bodega, AVG(t.additional_discount_value) AS total_additional_discount_value, COUNT(*) AS registros FROM ""order"".""order"" AS t JOIN ""inventory"".""warehouse"" AS r ON t.warehouse_id = r.id WHERE t.member_id = $1 AND t.audit_status <> 'D' GROUP BY r.id, r.name ORDER BY total_additional_discount_value DESC LIMIT 100;"
2958,TestMultiturn34,4,EXECUTE_SQL,1,ctx_orden,Ordena ese resultado de mayor a menor.,"SELECT r.name AS bodega, SUM(t.additional_discount_value) AS total_additional_discount_value, COUNT(*) AS registros FROM ""order"".""order"" AS t JOIN ""inventory"".""warehouse"" AS r ON t.warehouse_id = r.id WHERE t.member_id = $1 AND t.audit_status <> 'D' GROUP BY r.id, r.name ORDER BY total_additional_discount_value DESC ORDER BY total_additional_discount_value DESC LIMIT 100;"
2959,TestMultiturn34,5,CLARIFY,,cl_comparar,Compáralo.,
2960,TestMultiturn35,1,EXECUTE_SQL,,seed_sql,Regálame los nombres de los diferentes condicion comercial que se han usado en los facturas de venta. Por favor.,"SELECT DISTINCT r.name AS condicion_comercial FROM ""account_receivable"".""invoice"" AS t JOIN ""account_receivable"".""commercial_condition"" AS r ON t.commercial_condition_id = r.id WHERE t.member_id = $1 AND t.audit_status <> 'D' LIMIT 100;"
2961,TestMultiturn35,2,CLARIFY,,cl_vago,Dame los datos.,
2962,TestMultiturn35,3,EXECUTE_SQL,1,ctx_total,¿Cuántos registros dio ese resultado en total?,"SELECT COUNT(*) AS total_registros FROM ( SELECT DISTINCT r.name AS condicion_comercial FROM ""account_receivable"".""invoice"" AS t JOIN ""account_receivable"".""commercial_condition"" AS r ON t.commercial_condition_id = r.id WHERE t.member_id = $1 AND t.audit_status <> 'D' ) AS sub;"
2963,TestMultiturn35,4,EXECUTE_SQL,1,ctx_top5,"De ese resultado, muéstrame solo los primeros 5.","SELECT DISTINCT r.name AS condicion_comercial FROM ""account_receivable"".""invoice"" AS t JOIN ""account_receivable"".""commercial_condition"" AS r ON t.commercial_condition_id = r.id WHERE t.member_id = $1 AND t.audit_status <> 'D' LIMIT 5;"
2964,TestMultiturn35,5,NO_SQL,,ns_capacidad,¿Qué otras cosas puedes consultar de mi empresa?,
2965,TestMultiturn35,6,CLARIFY,,cl_eso,¿Y eso cómo va?,
2966,TestMultiturn36,1,EXECUTE_SQL,,seed_sql,"Indícame los últimos 3 stakeholder - contact type que se han creado, solo requiero el nombre y la descripción. Es urgente.","SELECT name, description FROM ""stakeholder"".""contact_type"" WHERE member_id = $1 AND audit_status <> 'D' ORDER BY created_at DESC LIMIT 3;"
2967,TestMultiturn36,2,EXECUTE_SQL,1,ctx_top5,"De ese resultado, muéstrame solo los primeros 5.","SELECT name, description FROM ""stakeholder"".""contact_type"" WHERE member_id = $1 AND audit_status <> 'D' ORDER BY created_at DESC LIMIT 5;"
2968,TestMultiturn36,3,EXECUTE_SQL,1,ctx_total,¿Cuántos registros dio ese resultado en total?,"SELECT COUNT(*) AS total_registros FROM ( SELECT name, description FROM ""stakeholder"".""contact_type"" WHERE member_id = $1 AND audit_status <> 'D' ORDER BY created_at DESC ) AS sub;"
2969,TestMultiturn36,4,CLARIFY,,cl_vago,Dame los datos.,
2970,TestMultiturn36,5,NO_SQL,,ns_capacidad,¿Qué otras cosas puedes consultar de mi empresa?,
2971,TestMultiturn36,6,EXECUTE_SQL,1,ctx_total,¿Cuántos registros dio ese resultado en total?,"SELECT COUNT(*) AS total_registros FROM ( SELECT name, description FROM ""stakeholder"".""contact_type"" WHERE member_id = $1 AND audit_status <> 'D' ORDER BY created_at DESC ) AS sub;"
2972,TestMultiturn36,7,NO_SQL,,ns_identidad,¿Y tú quién eres exactamente?,
2973,TestMultiturn36,8,CLARIFY,,cl_siempre,Muéstrame lo de siempre.,
2974,TestMultiturn36,9,EXECUTE_SQL,1,ctx_top5,"De ese resultado, muéstrame solo los primeros 5.","SELECT name, description FROM ""stakeholder"".""contact_type"" WHERE member_id = $1 AND audit_status <> 'D' ORDER BY created_at DESC LIMIT 5;"
2975,TestMultiturn37,1,EXECUTE_SQL,,seed_sql,"Necesito el total del descuento adicional y el número de cotizaciones de venta, agrupado por tipo de descuento (muéstrame el nombre del tipo de descuento). Muchas gracias.","SELECT r.name AS tipo_de_descuento, SUM(t.additional_discount_value) AS total_additional_discount_value, COUNT(*) AS registros FROM ""order"".""sales_quote"" AS t JOIN ""account_receivable"".""discount_type"" AS r ON t.discount_type_id = r.id WHERE t.member_id = $1 AND t.audit_status <> 'D' GROUP BY r.id, r.name ORDER BY total_additional_discount_value DESC LIMIT 100;"
2976,TestMultiturn37,2,EXECUTE_SQL,1,ctx_max,"De ese resultado, ¿cuál tiene el valor más alto?","SELECT r.name AS tipo_de_descuento, SUM(t.additional_discount_value) AS total_additional_discount_value, COUNT(*) AS registros FROM ""order"".""sales_quote"" AS t JOIN ""account_receivable"".""discount_type"" AS r ON t.discount_type_id = r.id WHERE t.member_id = $1 AND t.audit_status <> 'D' GROUP BY r.id, r.name ORDER BY total_additional_discount_value DESC ORDER BY total_additional_discount_value DESC LIMIT 1;"
2977,TestMultiturn37,3,EXECUTE_SQL,1,ctx_promedio,"Y en vez de la suma, dame el promedio.","SELECT r.name AS tipo_de_descuento, AVG(t.additional_discount_value) AS total_additional_discount_value, COUNT(*) AS registros FROM ""order"".""sales_quote"" AS t JOIN ""account_receivable"".""discount_type"" AS r ON t.discount_type_id = r.id WHERE t.member_id = $1 AND t.audit_status <> 'D' GROUP BY r.id, r.name ORDER BY total_additional_discount_value DESC LIMIT 100;"
2978,TestMultiturn37,4,EXECUTE_SQL,1,ctx_orden,Ordena ese resultado de mayor a menor.,"SELECT r.name AS tipo_de_descuento, SUM(t.additional_discount_value) AS total_additional_discount_value, COUNT(*) AS registros FROM ""order"".""sales_quote"" AS t JOIN ""account_receivable"".""discount_type"" AS r ON t.discount_type_id = r.id WHERE t.member_id = $1 AND t.audit_status <> 'D' GROUP BY r.id, r.name ORDER BY total_additional_discount_value DESC ORDER BY total_additional_discount_value DESC LIMIT 100;"
2979,TestMultiturn37,5,NO_SQL,,ns_capacidad,¿Qué otras cosas puedes consultar de mi empresa?,
2980,TestMultiturn37,6,EXECUTE_SQL,1,ctx_top5,"De ese resultado, muéstrame solo los primeros 5.","SELECT r.name AS tipo_de_descuento, SUM(t.additional_discount_value) AS total_additional_discount_value, COUNT(*) AS registros FROM ""order"".""sales_quote"" AS t JOIN ""account_receivable"".""discount_type"" AS r ON t.discount_type_id = r.id WHERE t.member_id = $1 AND t.audit_status <> 'D' GROUP BY r.id, r.name ORDER BY total_additional_discount_value DESC LIMIT 5;"
2981,TestMultiturn37,7,NO_SQL,1,ns_explica,¿Me puedes explicar qué significa ese dato?,
2982,TestMultiturn37,8,EXECUTE_SQL,,switch_sql,"Ahora, cambiando de tema: ¿Cuál es el promedio del valor del descuento por tipo de descuento en cuentas por pagar - return invoice? Gracias.","SELECT t.discount_type_id AS discount_type_id, AVG(t.discount_value) AS promedio_discount_value FROM ""account_payable"".""return_invoice"" AS t WHERE t.member_id = $1 AND t.audit_status <> 'D' GROUP BY t.discount_type_id ORDER BY promedio_discount_value DESC LIMIT 100;"
2983,TestMultiturn37,9,CLARIFY,,cl_siempre,Muéstrame lo de siempre.,
2984,TestMultiturn37,10,NO_SQL,,ns_gracias,"Listo, muchas gracias, justo lo que necesitaba.",
2985,TestMultiturn38,1,EXECUTE_SQL,,seed_sql,"Para mi empresa, necesito un resumen combinando inventario - product option y transporte - billing return detail, agrupando por empresa (member_id) y mostrando la suma del precio unitario y el número de registros asociados. Gracias.","SELECT t1.member_id, SUM(d.unit_price) AS total_unit_price, COUNT(*) AS registros FROM ""inventory"".""product_option"" AS t1 JOIN ""national_transport"".""billing_return_detail"" AS d ON d.member_id = t1.member_id WHERE t1.member_id = $1 AND t1.audit_status <> 'D' GROUP BY t1.member_id ORDER BY total_unit_price DESC LIMIT 100;"
2986,TestMultiturn38,2,EXECUTE_SQL,1,ctx_top5,"De ese resultado, muéstrame solo los primeros 5.","SELECT t1.member_id, SUM(d.unit_price) AS total_unit_price, COUNT(*) AS registros FROM ""inventory"".""product_option"" AS t1 JOIN ""national_transport"".""billing_return_detail"" AS d ON d.member_id = t1.member_id WHERE t1.member_id = $1 AND t1.audit_status <> 'D' GROUP BY t1.member_id ORDER BY total_unit_price DESC LIMIT 5;"
2987,TestMultiturn38,3,NO_SQL,,ns_identidad,¿Y tú quién eres exactamente?,
2988,TestMultiturn38,4,NO_SQL,1,ns_explica,¿Me puedes explicar qué significa ese dato?,
2989,TestMultiturn38,5,EXECUTE_SQL,1,ctx_max,"De ese resultado, ¿cuál tiene el valor más alto?","SELECT t1.member_id, SUM(d.unit_price) AS total_unit_price, COUNT(*) AS registros FROM ""inventory"".""product_option"" AS t1 JOIN ""national_transport"".""billing_return_detail"" AS d ON d.member_id = t1.member_id WHERE t1.member_id = $1 AND t1.audit_status <> 'D' GROUP BY t1.member_id ORDER BY total_unit_price DESC ORDER BY total_unit_price DESC LIMIT 1;"
2990,TestMultiturn38,6,EXECUTE_SQL,1,ctx_total,¿Cuántos registros dio ese resultado en total?,"SELECT COUNT(*) AS total_registros FROM ( SELECT t1.member_id, SUM(d.unit_price) AS total_unit_price, COUNT(*) AS registros FROM ""inventory"".""product_option"" AS t1 JOIN ""national_transport"".""billing_return_detail"" AS d ON d.member_id = t1.member_id WHERE t1.member_id = $1 AND t1.audit_status <> 'D' GROUP BY t1.member_id ORDER BY total_unit_price DESC ) AS sub;"
2991,TestMultiturn38,7,NO_SQL,,ns_capacidad,¿Qué otras cosas puedes consultar de mi empresa?,
2992,TestMultiturn38,8,EXECUTE_SQL,1,ctx_orden,Ordena ese resultado de mayor a menor.,"SELECT t1.member_id, SUM(d.unit_price) AS total_unit_price, COUNT(*) AS registros FROM ""inventory"".""product_option"" AS t1 JOIN ""national_transport"".""billing_return_detail"" AS d ON d.member_id = t1.member_id WHERE t1.member_id = $1 AND t1.audit_status <> 'D' GROUP BY t1.member_id ORDER BY total_unit_price DESC ORDER BY total_unit_price DESC LIMIT 100;"
2993,TestMultiturn38,9,NO_SQL,,ns_gracias,"Listo, muchas gracias, justo lo que necesitaba.",
2994,TestMultiturn38,10,CLARIFY,,cl_eso,¿Y eso cómo va?,
2995,TestMultiturn39,1,EXECUTE_SQL,,seed_sql,"Suministrame los primeros 3 treasury - cash register que se crearon en el sistema, con el nombre y la fecha de creación. Muchas gracias.","SELECT name, created_at FROM ""treasury"".""cash_register"" WHERE member_id = $1 AND audit_status <> 'D' ORDER BY created_at ASC LIMIT 3;"
2996,TestMultiturn39,2,NO_SQL,,ns_gracias,"Listo, muchas gracias, justo lo que necesitaba.",
2997,TestMultiturn39,3,NO_SQL,,ns_saludo,"Hola, buenas, ¿cómo vas?",
2998,TestMultiturn39,4,EXECUTE_SQL,1,ctx_top5,"De ese resultado, muéstrame solo los primeros 5.","SELECT name, created_at FROM ""treasury"".""cash_register"" WHERE member_id = $1 AND audit_status <> 'D' ORDER BY created_at ASC LIMIT 5;"
2999,TestMultiturn39,5,CLARIFY,,cl_eso,¿Y eso cómo va?,
3000,TestMultiturn39,6,CLARIFY,,cl_siempre,Muéstrame lo de siempre.,
3001,TestMultiturn39,7,EXECUTE_SQL,1,ctx_total,¿Cuántos registros dio ese resultado en total?,"SELECT COUNT(*) AS total_registros FROM ( SELECT name, created_at FROM ""treasury"".""cash_register"" WHERE member_id = $1 AND audit_status <> 'D' ORDER BY created_at ASC ) AS sub;"
3002,TestMultiturn40,1,NO_SQL,,ns_saludo,"Hola, buenos días.",
3003,TestMultiturn40,2,EXECUTE_SQL,,seed_sql,¿Cuál es el promedio del valor residual por debit_order_control_account_id en fixed_asset - group book?,"SELECT t.debit_order_control_account_id AS debit_order_control_account_id, AVG(t.residual_value) AS promedio_residual_value FROM ""fixed_asset"".""group_book"" AS t WHERE t.member_id = $1 AND t.audit_status <> 'D' GROUP BY t.debit_order_control_account_id ORDER BY promedio_residual_value DESC LIMIT 100;"
3004,TestMultiturn40,3,EXECUTE_SQL,2,ctx_max,"De ese resultado, ¿cuál tiene el valor más alto?","SELECT t.debit_order_control_account_id AS debit_order_control_account_id, AVG(t.residual_value) AS promedio_residual_value FROM ""fixed_asset"".""group_book"" AS t WHERE t.member_id = $1 AND t.audit_status <> 'D' GROUP BY t.debit_order_control_account_id ORDER BY promedio_residual_value DESC ORDER BY promedio_residual_value DESC LIMIT 1;"
3005,TestMultiturn40,4,NO_SQL,,ns_opinion,¿Ese número te parece normal para un negocio como el mío?,
3006,TestMultiturn40,5,EXECUTE_SQL,2,ctx_total,¿Cuántos registros dio ese resultado en total?,"SELECT COUNT(*) AS total_registros FROM ( SELECT t.debit_order_control_account_id AS debit_order_control_account_id, AVG(t.residual_value) AS promedio_residual_value FROM ""fixed_asset"".""group_book"" AS t WHERE t.member_id = $1 AND t.audit_status <> 'D' GROUP BY t.debit_order_control_account_id ORDER BY promedio_residual_value DESC ) AS sub;"
3007,TestMultiturn40,6,EXECUTE_SQL,2,ctx_orden,Ordena ese resultado de mayor a menor.,"SELECT t.debit_order_control_account_id AS debit_order_control_account_id, AVG(t.residual_value) AS promedio_residual_value FROM ""fixed_asset"".""group_book"" AS t WHERE t.member_id = $1 AND t.audit_status <> 'D' GROUP BY t.debit_order_control_account_id ORDER BY promedio_residual_value DESC ORDER BY promedio_residual_value DESC LIMIT 100;"
3008,TestMultiturn41,1,EXECUTE_SQL,,seed_sql,"Suministrame los primeros 3 cuentas por cobrar - price discount que se crearon en el sistema, con el nombre y la fecha de creación. Por favor.","SELECT name, created_at FROM ""account_receivable"".""price_discount"" WHERE member_id = $1 AND audit_status <> 'D' ORDER BY created_at ASC LIMIT 3;"
3009,TestMultiturn41,2,EXECUTE_SQL,1,ctx_top5,"De ese resultado, muéstrame solo los primeros 5.","SELECT name, created_at FROM ""account_receivable"".""price_discount"" WHERE member_id = $1 AND audit_status <> 'D' ORDER BY created_at ASC LIMIT 5;"
3010,TestMultiturn41,3,NO_SQL,,ns_saludo,"Hola, buenas, ¿cómo vas?",
3011,TestMultiturn41,4,EXECUTE_SQL,1,ctx_total,¿Cuántos registros dio ese resultado en total?,"SELECT COUNT(*) AS total_registros FROM ( SELECT name, created_at FROM ""account_receivable"".""price_discount"" WHERE member_id = $1 AND audit_status <> 'D' ORDER BY created_at ASC ) AS sub;"
3012,TestMultiturn41,5,EXECUTE_SQL,1,ctx_total,¿Cuántos registros dio ese resultado en total?,"SELECT COUNT(*) AS total_registros FROM ( SELECT name, created_at FROM ""account_receivable"".""price_discount"" WHERE member_id = $1 AND audit_status <> 'D' ORDER BY created_at ASC ) AS sub;"
3013,TestMultiturn41,6,EXECUTE_SQL,1,ctx_top5,"De ese resultado, muéstrame solo los primeros 5.","SELECT name, created_at FROM ""account_receivable"".""price_discount"" WHERE member_id = $1 AND audit_status <> 'D' ORDER BY created_at ASC LIMIT 5;"
3014,TestMultiturn41,7,NO_SQL,1,ns_explica,¿Me puedes explicar qué significa ese dato?,
3015,TestMultiturn42,1,EXECUTE_SQL,,seed_sql,¿Cuántos health - patient health company hay por cada valor de la columna patient_id? Muchas gracias.,"SELECT t.patient_id AS patient_id, COUNT(*) AS registros FROM ""health"".""patient_health_company"" AS t WHERE t.member_id = $1 AND t.audit_status <> 'D' GROUP BY t.patient_id ORDER BY registros DESC LIMIT 100;"
3016,TestMultiturn42,2,EXECUTE_SQL,1,ctx_max,"De ese resultado, ¿cuál tiene el valor más alto?","SELECT t.patient_id AS patient_id, COUNT(*) AS registros FROM ""health"".""patient_health_company"" AS t WHERE t.member_id = $1 AND t.audit_status <> 'D' GROUP BY t.patient_id ORDER BY registros DESC ORDER BY registros DESC LIMIT 1;"
3017,TestMultiturn42,3,EXECUTE_SQL,1,ctx_top5,"De ese resultado, muéstrame solo los primeros 5.","SELECT t.patient_id AS patient_id, COUNT(*) AS registros FROM ""health"".""patient_health_company"" AS t WHERE t.member_id = $1 AND t.audit_status <> 'D' GROUP BY t.patient_id ORDER BY registros DESC LIMIT 5;"
3018,TestMultiturn42,4,NO_SQL,,ns_ok,"Perfecto, entendido.",
3019,TestMultiturn42,5,EXECUTE_SQL,1,ctx_orden,Ordena ese resultado de mayor a menor.,"SELECT t.patient_id AS patient_id, COUNT(*) AS registros FROM ""health"".""patient_health_company"" AS t WHERE t.member_id = $1 AND t.audit_status <> 'D' GROUP BY t.patient_id ORDER BY registros DESC ORDER BY registros DESC LIMIT 100;"
3020,TestMultiturn42,6,CLARIFY,,cl_otro,"Y lo otro también, porfa.",
3021,TestMultiturn42,7,EXECUTE_SQL,1,ctx_total,¿Cuántos registros dio ese resultado en total?,"SELECT COUNT(*) AS total_registros FROM ( SELECT t.patient_id AS patient_id, COUNT(*) AS registros FROM ""health"".""patient_health_company"" AS t WHERE t.member_id = $1 AND t.audit_status <> 'D' GROUP BY t.patient_id ORDER BY registros DESC ) AS sub;"
3022,TestMultiturn42,8,NO_SQL,,ns_offtopic,"Oye, ¿y me recomiendas algo para almorzar hoy?",
3023,TestMultiturn42,9,CLARIFY,,cl_comparar,Compáralo.,
3024,TestMultiturn43,1,NO_SQL,,ns_saludo,"Hola, buenos días.",
3025,TestMultiturn43,2,EXECUTE_SQL,,seed_sql,¿Cuál es el promedio del campo total_advance_value por proveedor en transporte - legalization? Es urgente.,"SELECT t.supplier_detail_id AS supplier_detail_id, AVG(t.total_advance_value) AS promedio_total_advance_value FROM ""national_transport"".""legalization"" AS t WHERE t.member_id = $1 AND t.audit_status <> 'D' GROUP BY t.supplier_detail_id ORDER BY promedio_total_advance_value DESC LIMIT 100;"
3026,TestMultiturn43,3,EXECUTE_SQL,2,ctx_max,"De ese resultado, ¿cuál tiene el valor más alto?","SELECT t.supplier_detail_id AS supplier_detail_id, AVG(t.total_advance_value) AS promedio_total_advance_value FROM ""national_transport"".""legalization"" AS t WHERE t.member_id = $1 AND t.audit_status <> 'D' GROUP BY t.supplier_detail_id ORDER BY promedio_total_advance_value DESC ORDER BY promedio_total_advance_value DESC LIMIT 1;"
3027,TestMultiturn43,4,EXECUTE_SQL,2,ctx_top5,"De ese resultado, muéstrame solo los primeros 5.","SELECT t.supplier_detail_id AS supplier_detail_id, AVG(t.total_advance_value) AS promedio_total_advance_value FROM ""national_transport"".""legalization"" AS t WHERE t.member_id = $1 AND t.audit_status <> 'D' GROUP BY t.supplier_detail_id ORDER BY promedio_total_advance_value DESC LIMIT 5;"
3028,TestMultiturn43,5,NO_SQL,,ns_gracias,"Listo, muchas gracias, justo lo que necesitaba.",
3029,TestMultiturn43,6,CLARIFY,,cl_otro,"Y lo otro también, porfa.",
3030,TestMultiturn43,7,EXECUTE_SQL,2,ctx_orden,Ordena ese resultado de mayor a menor.,"SELECT t.supplier_detail_id AS supplier_detail_id, AVG(t.total_advance_value) AS promedio_total_advance_value FROM ""national_transport"".""legalization"" AS t WHERE t.member_id = $1 AND t.audit_status <> 'D' GROUP BY t.supplier_detail_id ORDER BY promedio_total_advance_value DESC ORDER BY promedio_total_advance_value DESC LIMIT 100;"
3031,TestMultiturn43,8,CLARIFY,,cl_comparar,Compáralo.,
3032,TestMultiturn44,1,NO_SQL,,ns_saludo,"Hola, buenos días.",
3033,TestMultiturn44,2,EXECUTE_SQL,,seed_sql,"Para mi empresa, dame la suma del descuento adicional de los cuentas por cobrar - invoice return agrupada por lista de precios, mostrando el nombre del lista de precios y cuántos registros tiene cada uno. Cuando puedas.","SELECT r.name AS lista_de_precios, SUM(t.additional_discount_value) AS total_additional_discount_value, COUNT(*) AS registros FROM ""account_receivable"".""invoice_return"" AS t JOIN ""account_receivable"".""price_list_type"" AS r ON t.price_list_type_id = r.id WHERE t.member_id = $1 AND t.audit_status <> 'D' GROUP BY r.id, r.name ORDER BY total_additional_discount_value DESC LIMIT 100;"
3034,TestMultiturn44,3,NO_SQL,,ns_capacidad,¿Qué otras cosas puedes consultar de mi empresa?,
3035,TestMultiturn44,4,NO_SQL,,ns_identidad,¿Y tú quién eres exactamente?,
3036,TestMultiturn44,5,EXECUTE_SQL,2,ctx_top5,"De ese resultado, muéstrame solo los primeros 5.","SELECT r.name AS lista_de_precios, SUM(t.additional_discount_value) AS total_additional_discount_value, COUNT(*) AS registros FROM ""account_receivable"".""invoice_return"" AS t JOIN ""account_receivable"".""price_list_type"" AS r ON t.price_list_type_id = r.id WHERE t.member_id = $1 AND t.audit_status <> 'D' GROUP BY r.id, r.name ORDER BY total_additional_discount_value DESC LIMIT 5;"
3037,TestMultiturn44,6,CLARIFY,,cl_otro,"Y lo otro también, porfa.",
3038,TestMultiturn44,7,EXECUTE_SQL,2,ctx_promedio,"Y en vez de la suma, dame el promedio.","SELECT r.name AS lista_de_precios, AVG(t.additional_discount_value) AS total_additional_discount_value, COUNT(*) AS registros FROM ""account_receivable"".""invoice_return"" AS t JOIN ""account_receivable"".""price_list_type"" AS r ON t.price_list_type_id = r.id WHERE t.member_id = $1 AND t.audit_status <> 'D' GROUP BY r.id, r.name ORDER BY total_additional_discount_value DESC LIMIT 100;"
3039,TestMultiturn44,8,CLARIFY,,cl_eso,¿Y eso cómo va?,
3040,TestMultiturn44,9,EXECUTE_SQL,2,ctx_total,¿Cuántos registros dio ese resultado en total?,"SELECT COUNT(*) AS total_registros FROM ( SELECT r.name AS lista_de_precios, SUM(t.additional_discount_value) AS total_additional_discount_value, COUNT(*) AS registros FROM ""account_receivable"".""invoice_return"" AS t JOIN ""account_receivable"".""price_list_type"" AS r ON t.price_list_type_id = r.id WHERE t.member_id = $1 AND t.audit_status <> 'D' GROUP BY r.id, r.name ORDER BY total_additional_discount_value DESC ) AS sub;"
3041,TestMultiturn45,1,NO_SQL,,ns_saludo,"Hola, buenos días.",
3042,TestMultiturn45,2,EXECUTE_SQL,,seed_sql,¿Cuántos cuentas por pagar - configuration tengo registrados? Gracias.,"SELECT COUNT(*) FROM ""account_payable"".""configuration"" WHERE member_id = $1 AND audit_status <> 'D' LIMIT 100;"
3043,TestMultiturn45,3,EXECUTE_SQL,2,ctx_total,¿Cuántos registros dio ese resultado en total?,"SELECT COUNT(*) AS total_registros FROM ( SELECT COUNT(*) FROM ""account_payable"".""configuration"" WHERE member_id = $1 AND audit_status <> 'D' ) AS sub;"
3044,TestMultiturn45,4,CLARIFY,,cl_comparar,Compáralo.,
3045,TestMultiturn45,5,EXECUTE_SQL,2,ctx_top5,"De ese resultado, muéstrame solo los primeros 5.","SELECT COUNT(*) FROM ""account_payable"".""configuration"" WHERE member_id = $1 AND audit_status <> 'D' LIMIT 5;"
3046,TestMultiturn45,6,EXECUTE_SQL,2,ctx_top5,"De ese resultado, muéstrame solo los primeros 5.","SELECT COUNT(*) FROM ""account_payable"".""configuration"" WHERE member_id = $1 AND audit_status <> 'D' LIMIT 5;"
3047,TestMultiturn45,7,NO_SQL,,ns_offtopic,"Oye, ¿y me recomiendas algo para almorzar hoy?",
3048,TestMultiturn45,8,NO_SQL,,ns_capacidad,¿Qué otras cosas puedes consultar de mi empresa?,
3049,TestMultiturn46,1,EXECUTE_SQL,,seed_sql,"Para mi empresa, dame la suma del campo payment_value de los pos - closed order payment agrupada por cuentas bancarias, mostrando el nombre del cuentas bancarias y cuántos registros tiene cada uno. Es urgente.","SELECT r.name AS cuentas_bancarias, SUM(t.payment_value) AS total_payment_value, COUNT(*) AS registros FROM ""pos"".""closed_order_payment"" AS t JOIN ""treasury"".""bank_account"" AS r ON t.bank_account_id = r.id WHERE t.member_id = $1 AND t.audit_status <> 'D' GROUP BY r.id, r.name ORDER BY total_payment_value DESC LIMIT 100;"
3050,TestMultiturn46,2,EXECUTE_SQL,1,ctx_max,"De ese resultado, ¿cuál tiene el valor más alto?","SELECT r.name AS cuentas_bancarias, SUM(t.payment_value) AS total_payment_value, COUNT(*) AS registros FROM ""pos"".""closed_order_payment"" AS t JOIN ""treasury"".""bank_account"" AS r ON t.bank_account_id = r.id WHERE t.member_id = $1 AND t.audit_status <> 'D' GROUP BY r.id, r.name ORDER BY total_payment_value DESC ORDER BY total_payment_value DESC LIMIT 1;"
3051,TestMultiturn46,3,CLARIFY,,cl_eso,¿Y eso cómo va?,
3052,TestMultiturn46,4,NO_SQL,,ns_gracias,"Listo, muchas gracias, justo lo que necesitaba.",
3053,TestMultiturn46,5,CLARIFY,,cl_comparar,Compáralo.,
3054,TestMultiturn46,6,EXECUTE_SQL,,switch_sql,"Ahora, cambiando de tema: para mi empresa, necesito un resumen combinando fixed_asset - asset class y detalles de factura de venta, agrupando por empresa (member_id) y mostrando la suma de la cantidad y el número de registros asociados. Muchas gracias.","SELECT t1.member_id, SUM(d.base_quantity) AS total_base_quantity, COUNT(*) AS registros FROM ""fixed_asset"".""asset_class"" AS t1 JOIN ""account_receivable"".""invoice_detail"" AS d ON d.member_id = t1.member_id WHERE t1.member_id = $1 AND t1.audit_status <> 'D' GROUP BY t1.member_id ORDER BY total_base_quantity DESC LIMIT 100;"
3055,TestMultiturn46,7,NO_SQL,,ns_saludo,"Hola, buenas, ¿cómo vas?",
3056,TestMultiturn46,8,EXECUTE_SQL,6,ctx_top5,"De ese resultado, muéstrame solo los primeros 5.","SELECT t1.member_id, SUM(d.base_quantity) AS total_base_quantity, COUNT(*) AS registros FROM ""fixed_asset"".""asset_class"" AS t1 JOIN ""account_receivable"".""invoice_detail"" AS d ON d.member_id = t1.member_id WHERE t1.member_id = $1 AND t1.audit_status <> 'D' GROUP BY t1.member_id ORDER BY total_base_quantity DESC LIMIT 5;"
3057,TestMultiturn46,9,EXECUTE_SQL,6,ctx_promedio,"Y en vez de la suma, dame el promedio.","SELECT t1.member_id, AVG(d.base_quantity) AS total_base_quantity, COUNT(*) AS registros FROM ""fixed_asset"".""asset_class"" AS t1 JOIN ""account_receivable"".""invoice_detail"" AS d ON d.member_id = t1.member_id WHERE t1.member_id = $1 AND t1.audit_status <> 'D' GROUP BY t1.member_id ORDER BY total_base_quantity DESC LIMIT 100;"
3058,TestMultiturn47,1,EXECUTE_SQL,,seed_sql,"Para mi empresa, dame la suma del campo movement_amount de los treasury - erp movement agrupada por cuentas bancarias, mostrando el nombre del cuentas bancarias y cuántos registros tiene cada uno.","SELECT r.name AS cuentas_bancarias, SUM(t.movement_amount) AS total_movement_amount, COUNT(*) AS registros FROM ""treasury"".""erp_movement"" AS t JOIN ""treasury"".""bank_account"" AS r ON t.bank_account_id = r.id WHERE t.member_id = $1 AND t.audit_status <> 'D' GROUP BY r.id, r.name ORDER BY total_movement_amount DESC LIMIT 100;"
3059,TestMultiturn47,2,EXECUTE_SQL,1,ctx_promedio,"Y en vez de la suma, dame el promedio.","SELECT r.name AS cuentas_bancarias, AVG(t.movement_amount) AS total_movement_amount, COUNT(*) AS registros FROM ""treasury"".""erp_movement"" AS t JOIN ""treasury"".""bank_account"" AS r ON t.bank_account_id = r.id WHERE t.member_id = $1 AND t.audit_status <> 'D' GROUP BY r.id, r.name ORDER BY total_movement_amount DESC LIMIT 100;"
3060,TestMultiturn47,3,CLARIFY,,cl_otro,"Y lo otro también, porfa.",
3061,TestMultiturn47,4,EXECUTE_SQL,1,ctx_total,¿Cuántos registros dio ese resultado en total?,"SELECT COUNT(*) AS total_registros FROM ( SELECT r.name AS cuentas_bancarias, SUM(t.movement_amount) AS total_movement_amount, COUNT(*) AS registros FROM ""treasury"".""erp_movement"" AS t JOIN ""treasury"".""bank_account"" AS r ON t.bank_account_id = r.id WHERE t.member_id = $1 AND t.audit_status <> 'D' GROUP BY r.id, r.name ORDER BY total_movement_amount DESC ) AS sub;"
3062,TestMultiturn47,5,NO_SQL,,ns_saludo,"Hola, buenas, ¿cómo vas?",
3063,TestMultiturn48,1,NO_SQL,,ns_saludo,"Hola, buenos días.",
3064,TestMultiturn48,2,EXECUTE_SQL,,seed_sql,Regálame los nombres de los diferentes sucursal que se han usado en los centros de costo.,"SELECT DISTINCT r.name AS sucursal FROM ""core"".""cost_center"" AS t JOIN ""core"".""branch_office"" AS r ON t.branch_office_id = r.id WHERE t.member_id = $1 AND t.audit_status <> 'D' LIMIT 100;"
3065,TestMultiturn48,3,CLARIFY,,cl_eso,¿Y eso cómo va?,
3066,TestMultiturn48,4,NO_SQL,,ns_offtopic,"Oye, ¿y me recomiendas algo para almorzar hoy?",
3067,TestMultiturn48,5,EXECUTE_SQL,2,ctx_total,¿Cuántos registros dio ese resultado en total?,"SELECT COUNT(*) AS total_registros FROM ( SELECT DISTINCT r.name AS sucursal FROM ""core"".""cost_center"" AS t JOIN ""core"".""branch_office"" AS r ON t.branch_office_id = r.id WHERE t.member_id = $1 AND t.audit_status <> 'D' ) AS sub;"
3068,TestMultiturn48,6,EXECUTE_SQL,,switch_sql,"Ahora, cambiando de tema: lista los transporte - inspection criteria activos, solo necesito el nombre.","SELECT name FROM ""national_transport"".""inspection_criteria"" WHERE member_id = $1 AND is_active = TRUE AND audit_status <> 'D' LIMIT 100;"
3069,TestMultiturn48,7,NO_SQL,,ns_identidad,¿Y tú quién eres exactamente?,
3070,TestMultiturn48,8,EXECUTE_SQL,6,ctx_top5,"De ese resultado, muéstrame solo los primeros 5.","SELECT name FROM ""national_transport"".""inspection_criteria"" WHERE member_id = $1 AND is_active = TRUE AND audit_status <> 'D' LIMIT 5;"
3071,TestMultiturn49,1,EXECUTE_SQL,,seed_sql,Muéstrame los nombres de los core - form. Es urgente.,"SELECT name FROM ""core"".""form"" WHERE member_id = $1 AND audit_status <> 'D' LIMIT 100;"
3072,TestMultiturn49,2,NO_SQL,,ns_gracias,"Listo, muchas gracias, justo lo que necesitaba.",
3073,TestMultiturn49,3,EXECUTE_SQL,,switch_sql,"Ahora, cambiando de tema: ¿Cuántos core - wildcard están activos actualmente? Muchas gracias.","SELECT COUNT(*) FROM ""core"".""wildcard"" WHERE member_id = $1 AND is_active = TRUE AND audit_status <> 'D' LIMIT 100;"
3074,TestMultiturn49,4,EXECUTE_SQL,3,ctx_total,¿Cuántos registros dio ese resultado en total?,"SELECT COUNT(*) AS total_registros FROM ( SELECT COUNT(*) FROM ""core"".""wildcard"" WHERE member_id = $1 AND is_active = TRUE AND audit_status <> 'D' ) AS sub;"
3075,TestMultiturn49,5,CLARIFY,,cl_comparar,Compáralo.,
3076,TestMultiturn49,6,EXECUTE_SQL,3,ctx_top5,"De ese resultado, muéstrame solo los primeros 5.","SELECT COUNT(*) FROM ""core"".""wildcard"" WHERE member_id = $1 AND is_active = TRUE AND audit_status <> 'D' LIMIT 5;"
3077,TestMultiturn49,7,EXECUTE_SQL,3,ctx_top5,"De ese resultado, muéstrame solo los primeros 5.","SELECT COUNT(*) FROM ""core"".""wildcard"" WHERE member_id = $1 AND is_active = TRUE AND audit_status <> 'D' LIMIT 5;"
3078,TestMultiturn50,1,EXECUTE_SQL,,seed_sql,Regálame los nombres de los diferentes cuentas contables que se han usado en los cuentas por cobrar - interest. Gracias.,"SELECT DISTINCT r.name AS cuentas_contables FROM ""account_receivable"".""interest"" AS t JOIN ""accounting"".""account"" AS r ON t.vat_account_id = r.id WHERE t.member_id = $1 AND t.audit_status <> 'D' LIMIT 100;"
3079,TestMultiturn50,2,NO_SQL,,ns_ok,"Perfecto, entendido.",
3080,TestMultiturn50,3,EXECUTE_SQL,1,ctx_total,¿Cuántos registros dio ese resultado en total?,"SELECT COUNT(*) AS total_registros FROM ( SELECT DISTINCT r.name AS cuentas_contables FROM ""account_receivable"".""interest"" AS t JOIN ""accounting"".""account"" AS r ON t.vat_account_id = r.id WHERE t.member_id = $1 AND t.audit_status <> 'D' ) AS sub;"
3081,TestMultiturn50,4,CLARIFY,,cl_siempre,Muéstrame lo de siempre.,
3082,TestMultiturn50,5,EXECUTE_SQL,1,ctx_top5,"De ese resultado, muéstrame solo los primeros 5.","SELECT DISTINCT r.name AS cuentas_contables FROM ""account_receivable"".""interest"" AS t JOIN ""accounting"".""account"" AS r ON t.vat_account_id = r.id WHERE t.member_id = $1 AND t.audit_status <> 'D' LIMIT 5;"
3083,TestMultiturn50,6,EXECUTE_SQL,1,ctx_total,¿Cuántos registros dio ese resultado en total?,"SELECT COUNT(*) AS total_registros FROM ( SELECT DISTINCT r.name AS cuentas_contables FROM ""account_receivable"".""interest"" AS t JOIN ""accounting"".""account"" AS r ON t.vat_account_id = r.id WHERE t.member_id = $1 AND t.audit_status <> 'D' ) AS sub;"
3084,TestMultiturn50,7,CLARIFY,,cl_vago,Dame los datos.,
3085,TestMultiturn50,8,EXECUTE_SQL,1,ctx_top5,"De ese resultado, muéstrame solo los primeros 5.","SELECT DISTINCT r.name AS cuentas_contables FROM ""account_receivable"".""interest"" AS t JOIN ""accounting"".""account"" AS r ON t.vat_account_id = r.id WHERE t.member_id = $1 AND t.audit_status <> 'D' LIMIT 5;"
3086,TestMultiturn51,1,EXECUTE_SQL,,seed_sql,"Necesito el total de la cantidad y el número de detalles de factura de compra, agrupado por centro de costo (muéstrame el nombre del centro de costo). Muchas gracias.","SELECT r.name AS centro_de_costo, SUM(t.base_quantity) AS total_base_quantity, COUNT(*) AS registros FROM ""account_payable"".""invoice_detail"" AS t JOIN ""core"".""cost_center"" AS r ON t.cost_center_id = r.id WHERE t.member_id = $1 AND t.audit_status <> 'D' GROUP BY r.id, r.name ORDER BY total_base_quantity DESC LIMIT 100;"
3087,TestMultiturn51,2,NO_SQL,,ns_gracias,"Listo, muchas gracias, justo lo que necesitaba.",
3088,TestMultiturn51,3,EXECUTE_SQL,1,ctx_top5,"De ese resultado, muéstrame solo los primeros 5.","SELECT r.name AS centro_de_costo, SUM(t.base_quantity) AS total_base_quantity, COUNT(*) AS registros FROM ""account_payable"".""invoice_detail"" AS t JOIN ""core"".""cost_center"" AS r ON t.cost_center_id = r.id WHERE t.member_id = $1 AND t.audit_status <> 'D' GROUP BY r.id, r.name ORDER BY total_base_quantity DESC LIMIT 5;"
3089,TestMultiturn51,4,EXECUTE_SQL,1,ctx_promedio,"Y en vez de la suma, dame el promedio.","SELECT r.name AS centro_de_costo, AVG(t.base_quantity) AS total_base_quantity, COUNT(*) AS registros FROM ""account_payable"".""invoice_detail"" AS t JOIN ""core"".""cost_center"" AS r ON t.cost_center_id = r.id WHERE t.member_id = $1 AND t.audit_status <> 'D' GROUP BY r.id, r.name ORDER BY total_base_quantity DESC LIMIT 100;"
3090,TestMultiturn51,5,CLARIFY,,cl_vago,Dame los datos.,
3091,TestMultiturn51,6,NO_SQL,,ns_capacidad,¿Qué otras cosas puedes consultar de mi empresa?,
3092,TestMultiturn51,7,EXECUTE_SQL,1,ctx_max,"De ese resultado, ¿cuál tiene el valor más alto?","SELECT r.name AS centro_de_costo, SUM(t.base_quantity) AS total_base_quantity, COUNT(*) AS registros FROM ""account_payable"".""invoice_detail"" AS t JOIN ""core"".""cost_center"" AS r ON t.cost_center_id = r.id WHERE t.member_id = $1 AND t.audit_status <> 'D' GROUP BY r.id, r.name ORDER BY total_base_quantity DESC ORDER BY total_base_quantity DESC LIMIT 1;"
3093,TestMultiturn51,8,EXECUTE_SQL,1,ctx_total,¿Cuántos registros dio ese resultado en total?,"SELECT COUNT(*) AS total_registros FROM ( SELECT r.name AS centro_de_costo, SUM(t.base_quantity) AS total_base_quantity, COUNT(*) AS registros FROM ""account_payable"".""invoice_detail"" AS t JOIN ""core"".""cost_center"" AS r ON t.cost_center_id = r.id WHERE t.member_id = $1 AND t.audit_status <> 'D' GROUP BY r.id, r.name ORDER BY total_base_quantity DESC ) AS sub;"
3094,TestMultiturn51,9,EXECUTE_SQL,1,ctx_orden,Ordena ese resultado de mayor a menor.,"SELECT r.name AS centro_de_costo, SUM(t.base_quantity) AS total_base_quantity, COUNT(*) AS registros FROM ""account_payable"".""invoice_detail"" AS t JOIN ""core"".""cost_center"" AS r ON t.cost_center_id = r.id WHERE t.member_id = $1 AND t.audit_status <> 'D' GROUP BY r.id, r.name ORDER BY total_base_quantity DESC ORDER BY total_base_quantity DESC LIMIT 100;"
3095,TestMultiturn51,10,EXECUTE_SQL,1,ctx_orden,Ordena ese resultado de mayor a menor.,"SELECT r.name AS centro_de_costo, SUM(t.base_quantity) AS total_base_quantity, COUNT(*) AS registros FROM ""account_payable"".""invoice_detail"" AS t JOIN ""core"".""cost_center"" AS r ON t.cost_center_id = r.id WHERE t.member_id = $1 AND t.audit_status <> 'D' GROUP BY r.id, r.name ORDER BY total_base_quantity DESC ORDER BY total_base_quantity DESC LIMIT 100;"
3096,TestMultiturn52,1,EXECUTE_SQL,,seed_sql,Regálame los nombres de los diferentes metodo de pago que se han usado en los pos - session payment. Gracias.,"SELECT DISTINCT r.name AS metodo_de_pago FROM ""pos"".""session_payment"" AS t JOIN ""treasury"".""payment_method"" AS r ON t.payment_method_id = r.id WHERE t.member_id = $1 AND t.audit_status <> 'D' LIMIT 100;"
3097,TestMultiturn52,2,NO_SQL,,ns_capacidad,¿Qué otras cosas puedes consultar de mi empresa?,
3098,TestMultiturn52,3,EXECUTE_SQL,1,ctx_total,¿Cuántos registros dio ese resultado en total?,"SELECT COUNT(*) AS total_registros FROM ( SELECT DISTINCT r.name AS metodo_de_pago FROM ""pos"".""session_payment"" AS t JOIN ""treasury"".""payment_method"" AS r ON t.payment_method_id = r.id WHERE t.member_id = $1 AND t.audit_status <> 'D' ) AS sub;"
3099,TestMultiturn52,4,EXECUTE_SQL,,switch_sql,"Ahora, cambiando de tema: indícame cuántos crm - template incluyen 'TRANSPORTE' en el nombre. Por favor.","SELECT COUNT(*) FROM ""crm"".""template"" WHERE member_id = $1 AND audit_status <> 'D' AND name ILIKE '%TRANSPORTE%' LIMIT 100;"
3100,TestMultiturn52,5,EXECUTE_SQL,4,ctx_top5,"De ese resultado, muéstrame solo los primeros 5.","SELECT COUNT(*) FROM ""crm"".""template"" WHERE member_id = $1 AND audit_status <> 'D' AND name ILIKE '%TRANSPORTE%' LIMIT 5;"
3101,TestMultiturn52,6,CLARIFY,,cl_siempre,Muéstrame lo de siempre.,
3102,TestMultiturn53,1,NO_SQL,,ns_saludo,"Hola, buenos días.",
3103,TestMultiturn53,2,EXECUTE_SQL,,seed_sql,¿Cuál es la suma total del precio unitario en crm - product interest?,"SELECT SUM(unit_price) AS total_unit_price FROM ""crm"".""product_interest"" WHERE member_id = $1 AND audit_status <> 'D' LIMIT 100;"
3104,TestMultiturn53,3,EXECUTE_SQL,2,ctx_promedio,"Y en vez de la suma, dame el promedio.","SELECT AVG(unit_price) AS total_unit_price FROM ""crm"".""product_interest"" WHERE member_id = $1 AND audit_status <> 'D' LIMIT 100;"
3105,TestMultiturn53,4,EXECUTE_SQL,2,ctx_top5,"De ese resultado, muéstrame solo los primeros 5.","SELECT SUM(unit_price) AS total_unit_price FROM ""crm"".""product_interest"" WHERE member_id = $1 AND audit_status <> 'D' LIMIT 5;"
3106,TestMultiturn53,5,EXECUTE_SQL,2,ctx_orden,Ordena ese resultado de mayor a menor.,"SELECT SUM(unit_price) AS total_unit_price FROM ""crm"".""product_interest"" WHERE member_id = $1 AND audit_status <> 'D' ORDER BY total_unit_price DESC LIMIT 100;"
3107,TestMultiturn53,6,NO_SQL,,ns_identidad,¿Y tú quién eres exactamente?,
3108,TestMultiturn53,7,EXECUTE_SQL,2,ctx_total,¿Cuántos registros dio ese resultado en total?,"SELECT COUNT(*) AS total_registros FROM ( SELECT SUM(unit_price) AS total_unit_price FROM ""crm"".""product_interest"" WHERE member_id = $1 AND audit_status <> 'D' ) AS sub;"
3109,TestMultiturn53,8,NO_SQL,2,ns_explica,¿Me puedes explicar qué significa ese dato?,
3110,TestMultiturn53,9,CLARIFY,,cl_siempre,Muéstrame lo de siempre.,
3111,TestMultiturn53,10,NO_SQL,,ns_capacidad,¿Qué otras cosas puedes consultar de mi empresa?,
3112,TestMultiturn54,1,EXECUTE_SQL,,seed_sql,¿Cuántos pos - session discrepancy tengo por cada metodo de pago? Muéstrame el nombre del metodo de pago. Muchas gracias.,"SELECT r.name AS metodo_de_pago, COUNT(*) AS registros FROM ""pos"".""session_discrepancy"" AS t JOIN ""treasury"".""payment_method"" AS r ON t.payment_method_id = r.id WHERE t.member_id = $1 AND t.audit_status <> 'D' GROUP BY r.name ORDER BY registros DESC LIMIT 100;"
3113,TestMultiturn54,2,CLARIFY,,cl_siempre,Muéstrame lo de siempre.,
3114,TestMultiturn54,3,EXECUTE_SQL,1,ctx_orden,Ordena ese resultado de mayor a menor.,"SELECT r.name AS metodo_de_pago, COUNT(*) AS registros FROM ""pos"".""session_discrepancy"" AS t JOIN ""treasury"".""payment_method"" AS r ON t.payment_method_id = r.id WHERE t.member_id = $1 AND t.audit_status <> 'D' GROUP BY r.name ORDER BY registros DESC ORDER BY registros DESC LIMIT 100;"
3115,TestMultiturn54,4,NO_SQL,,ns_offtopic,"Oye, ¿y me recomiendas algo para almorzar hoy?",
3116,TestMultiturn54,5,EXECUTE_SQL,1,ctx_top5,"De ese resultado, muéstrame solo los primeros 5.","SELECT r.name AS metodo_de_pago, COUNT(*) AS registros FROM ""pos"".""session_discrepancy"" AS t JOIN ""treasury"".""payment_method"" AS r ON t.payment_method_id = r.id WHERE t.member_id = $1 AND t.audit_status <> 'D' GROUP BY r.name ORDER BY registros DESC LIMIT 5;"
3117,TestMultiturn55,1,NO_SQL,,ns_saludo,"Hola, buenos días.",
3118,TestMultiturn55,2,EXECUTE_SQL,,seed_sql,Dame el listado de nombres de integration - syncronize configuration. Cuando puedas.,"SELECT name FROM ""integration"".""syncronize_configuration"" WHERE member_id = $1 AND audit_status <> 'D' LIMIT 100;"
3119,TestMultiturn55,3,EXECUTE_SQL,2,ctx_total,¿Cuántos registros dio ese resultado en total?,"SELECT COUNT(*) AS total_registros FROM ( SELECT name FROM ""integration"".""syncronize_configuration"" WHERE member_id = $1 AND audit_status <> 'D' ) AS sub;"
3120,TestMultiturn55,4,EXECUTE_SQL,2,ctx_top5,"De ese resultado, muéstrame solo los primeros 5.","SELECT name FROM ""integration"".""syncronize_configuration"" WHERE member_id = $1 AND audit_status <> 'D' LIMIT 5;"
3121,TestMultiturn55,5,NO_SQL,,ns_ok,"Perfecto, entendido.",
3122,TestMultiturn55,6,CLARIFY,,cl_otro,"Y lo otro también, porfa.",
3123,TestMultiturn55,7,EXECUTE_SQL,2,ctx_total,¿Cuántos registros dio ese resultado en total?,"SELECT COUNT(*) AS total_registros FROM ( SELECT name FROM ""integration"".""syncronize_configuration"" WHERE member_id = $1 AND audit_status <> 'D' ) AS sub;"
3124,TestMultiturn55,8,NO_SQL,2,ns_explica,¿Me puedes explicar qué significa ese dato?,
3125,TestMultiturn55,9,EXECUTE_SQL,2,ctx_top5,"De ese resultado, muéstrame solo los primeros 5.","SELECT name FROM ""integration"".""syncronize_configuration"" WHERE member_id = $1 AND audit_status <> 'D' LIMIT 5;"
3126,TestMultiturn55,10,EXECUTE_SQL,2,ctx_top5,"De ese resultado, muéstrame solo los primeros 5.","SELECT name FROM ""integration"".""syncronize_configuration"" WHERE member_id = $1 AND audit_status <> 'D' LIMIT 5;"
3127,TestMultiturn56,1,EXECUTE_SQL,,seed_sql,Indícame la cantidad de cuentas por pagar - invoice discount junto con la suma del valor y del campo amount. Muchas gracias.,"SELECT COUNT(*) AS cantidad, SUM(value) AS total_value, SUM(amount) AS total_amount FROM ""account_payable"".""invoice_discount"" WHERE member_id = $1 AND audit_status <> 'D' LIMIT 100;"
3128,TestMultiturn56,2,NO_SQL,,ns_offtopic,"Oye, ¿y me recomiendas algo para almorzar hoy?",
3129,TestMultiturn56,3,EXECUTE_SQL,1,ctx_top5,"De ese resultado, muéstrame solo los primeros 5.","SELECT COUNT(*) AS cantidad, SUM(value) AS total_value, SUM(amount) AS total_amount FROM ""account_payable"".""invoice_discount"" WHERE member_id = $1 AND audit_status <> 'D' LIMIT 5;"
3130,TestMultiturn56,4,NO_SQL,,ns_opinion,¿Ese número te parece normal para un negocio como el mío?,
3131,TestMultiturn56,5,EXECUTE_SQL,,switch_sql,"Ahora, cambiando de tema: para mi empresa, necesito un resumen combinando cuentas por cobrar - conditional discount y fixed_asset - asset plate, agrupando por empresa (member_id) y mostrando la suma del campo quantity y el número de registros asociados. Muchas gracias.","SELECT t1.member_id, SUM(d.quantity) AS total_quantity, COUNT(*) AS registros FROM ""account_receivable"".""conditional_discount"" AS t1 JOIN ""fixed_asset"".""asset_plate"" AS d ON d.member_id = t1.member_id WHERE t1.member_id = $1 AND t1.audit_status <> 'D' GROUP BY t1.member_id ORDER BY total_quantity DESC LIMIT 100;"
3132,TestMultiturn56,6,EXECUTE_SQL,5,ctx_orden,Ordena ese resultado de mayor a menor.,"SELECT t1.member_id, SUM(d.quantity) AS total_quantity, COUNT(*) AS registros FROM ""account_receivable"".""conditional_discount"" AS t1 JOIN ""fixed_asset"".""asset_plate"" AS d ON d.member_id = t1.member_id WHERE t1.member_id = $1 AND t1.audit_status <> 'D' GROUP BY t1.member_id ORDER BY total_quantity DESC ORDER BY total_quantity DESC LIMIT 100;"
3133,TestMultiturn56,7,EXECUTE_SQL,5,ctx_promedio,"Y en vez de la suma, dame el promedio.","SELECT t1.member_id, AVG(d.quantity) AS total_quantity, COUNT(*) AS registros FROM ""account_receivable"".""conditional_discount"" AS t1 JOIN ""fixed_asset"".""asset_plate"" AS d ON d.member_id = t1.member_id WHERE t1.member_id = $1 AND t1.audit_status <> 'D' GROUP BY t1.member_id ORDER BY total_quantity DESC LIMIT 100;"
3134,TestMultiturn57,1,NO_SQL,,ns_saludo,"Hola, buenos días.",
3135,TestMultiturn57,2,EXECUTE_SQL,,seed_sql,¿Cuál es la suma total del campo amount en pos - session cash movement? Muchas gracias.,"SELECT SUM(amount) AS total_amount FROM ""pos"".""session_cash_movement"" WHERE member_id = $1 AND audit_status <> 'D' LIMIT 100;"
3136,TestMultiturn57,3,EXECUTE_SQL,2,ctx_top5,"De ese resultado, muéstrame solo los primeros 5.","SELECT SUM(amount) AS total_amount FROM ""pos"".""session_cash_movement"" WHERE member_id = $1 AND audit_status <> 'D' LIMIT 5;"
3137,TestMultiturn57,4,EXECUTE_SQL,2,ctx_total,¿Cuántos registros dio ese resultado en total?,"SELECT COUNT(*) AS total_registros FROM ( SELECT SUM(amount) AS total_amount FROM ""pos"".""session_cash_movement"" WHERE member_id = $1 AND audit_status <> 'D' ) AS sub;"
3138,TestMultiturn57,5,EXECUTE_SQL,2,ctx_promedio,"Y en vez de la suma, dame el promedio.","SELECT AVG(amount) AS total_amount FROM ""pos"".""session_cash_movement"" WHERE member_id = $1 AND audit_status <> 'D' LIMIT 100;"
3139,TestMultiturn57,6,NO_SQL,,ns_capacidad,¿Qué otras cosas puedes consultar de mi empresa?,
3140,TestMultiturn57,7,NO_SQL,,ns_opinion,¿Ese número te parece normal para un negocio como el mío?,
3141,TestMultiturn57,8,EXECUTE_SQL,2,ctx_max,"De ese resultado, ¿cuál tiene el valor más alto?","SELECT SUM(amount) AS total_amount FROM ""pos"".""session_cash_movement"" WHERE member_id = $1 AND audit_status <> 'D' ORDER BY total_amount DESC LIMIT 1;"
3142,TestMultiturn57,9,CLARIFY,,cl_vago,Dame los datos.,
3143,TestMultiturn58,1,NO_SQL,,ns_saludo,"Hola, buenos días.",
3144,TestMultiturn58,2,EXECUTE_SQL,,seed_sql,"Para mi empresa, dame la suma del precio de los precios de flete agrupada por ruta, mostrando el nombre del ruta y cuántos registros tiene cada uno. Por favor.","SELECT r.name AS ruta, SUM(t.price) AS total_price, COUNT(*) AS registros FROM ""national_transport"".""freight_prices"" AS t JOIN ""national_transport"".""route"" AS r ON t.route_id = r.id WHERE t.member_id = $1 AND t.audit_status <> 'D' GROUP BY r.id, r.name ORDER BY total_price DESC LIMIT 100;"
3145,TestMultiturn58,3,EXECUTE_SQL,2,ctx_promedio,"Y en vez de la suma, dame el promedio.","SELECT r.name AS ruta, AVG(t.price) AS total_price, COUNT(*) AS registros FROM ""national_transport"".""freight_prices"" AS t JOIN ""national_transport"".""route"" AS r ON t.route_id = r.id WHERE t.member_id = $1 AND t.audit_status <> 'D' GROUP BY r.id, r.name ORDER BY total_price DESC LIMIT 100;"
3146,TestMultiturn58,4,NO_SQL,,ns_identidad,¿Y tú quién eres exactamente?,
3147,TestMultiturn58,5,CLARIFY,,cl_siempre,Muéstrame lo de siempre.,
3148,TestMultiturn58,6,EXECUTE_SQL,2,ctx_total,¿Cuántos registros dio ese resultado en total?,"SELECT COUNT(*) AS total_registros FROM ( SELECT r.name AS ruta, SUM(t.price) AS total_price, COUNT(*) AS registros FROM ""national_transport"".""freight_prices"" AS t JOIN ""national_transport"".""route"" AS r ON t.route_id = r.id WHERE t.member_id = $1 AND t.audit_status <> 'D' GROUP BY r.id, r.name ORDER BY total_price DESC ) AS sub;"
3149,TestMultiturn59,1,EXECUTE_SQL,,seed_sql,"Necesito un reporte de ordenes - order payment: la suma del campo payment_value y el número de registros, agrupado por cada valor de la columna credit_card_id. Muchas gracias.","SELECT t.credit_card_id AS credit_card_id, SUM(t.payment_value) AS total_payment_value, COUNT(*) AS registros FROM ""order"".""order_payment"" AS t WHERE t.member_id = $1 AND t.audit_status <> 'D' GROUP BY t.credit_card_id ORDER BY total_payment_value DESC LIMIT 100;"
3150,TestMultiturn59,2,NO_SQL,,ns_offtopic,"Oye, ¿y me recomiendas algo para almorzar hoy?",
3151,TestMultiturn59,3,CLARIFY,,cl_vago,Dame los datos.,
3152,TestMultiturn59,4,EXECUTE_SQL,1,ctx_promedio,"Y en vez de la suma, dame el promedio.","SELECT t.credit_card_id AS credit_card_id, AVG(t.payment_value) AS total_payment_value, COUNT(*) AS registros FROM ""order"".""order_payment"" AS t WHERE t.member_id = $1 AND t.audit_status <> 'D' GROUP BY t.credit_card_id ORDER BY total_payment_value DESC LIMIT 100;"
3153,TestMultiturn59,5,NO_SQL,,ns_saludo,"Hola, buenas, ¿cómo vas?",
3154,TestMultiturn59,6,EXECUTE_SQL,1,ctx_orden,Ordena ese resultado de mayor a menor.,"SELECT t.credit_card_id AS credit_card_id, SUM(t.payment_value) AS total_payment_value, COUNT(*) AS registros FROM ""order"".""order_payment"" AS t WHERE t.member_id = $1 AND t.audit_status <> 'D' GROUP BY t.credit_card_id ORDER BY total_payment_value DESC ORDER BY total_payment_value DESC LIMIT 100;"
3155,TestMultiturn59,7,EXECUTE_SQL,1,ctx_top5,"De ese resultado, muéstrame solo los primeros 5.","SELECT t.credit_card_id AS credit_card_id, SUM(t.payment_value) AS total_payment_value, COUNT(*) AS registros FROM ""order"".""order_payment"" AS t WHERE t.member_id = $1 AND t.audit_status <> 'D' GROUP BY t.credit_card_id ORDER BY total_payment_value DESC LIMIT 5;"
3156,TestMultiturn59,8,NO_SQL,,ns_identidad,¿Y tú quién eres exactamente?,
3157,TestMultiturn59,9,CLARIFY,,cl_otro,"Y lo otro también, porfa.",
3158,TestMultiturn60,1,NO_SQL,,ns_saludo,"Hola, buenos días.",
3159,TestMultiturn60,2,EXECUTE_SQL,,seed_sql,Regálame el nombre de todos mis transporte - transport mode.,"SELECT name FROM ""national_transport"".""transport_mode"" WHERE member_id = $1 AND audit_status <> 'D' LIMIT 100;"
3160,TestMultiturn60,3,EXECUTE_SQL,2,ctx_total,¿Cuántos registros dio ese resultado en total?,"SELECT COUNT(*) AS total_registros FROM ( SELECT name FROM ""national_transport"".""transport_mode"" WHERE member_id = $1 AND audit_status <> 'D' ) AS sub;"
3161,TestMultiturn60,4,EXECUTE_SQL,2,ctx_top5,"De ese resultado, muéstrame solo los primeros 5.","SELECT name FROM ""national_transport"".""transport_mode"" WHERE member_id = $1 AND audit_status <> 'D' LIMIT 5;"
3162,TestMultiturn60,5,EXECUTE_SQL,2,ctx_top5,"De ese resultado, muéstrame solo los primeros 5.","SELECT name FROM ""national_transport"".""transport_mode"" WHERE member_id = $1 AND audit_status <> 'D' LIMIT 5;"
3163,TestMultiturn60,6,NO_SQL,,ns_offtopic,"Oye, ¿y me recomiendas algo para almorzar hoy?",
3164,TestMultiturn60,7,EXECUTE_SQL,2,ctx_total,¿Cuántos registros dio ese resultado en total?,"SELECT COUNT(*) AS total_registros FROM ( SELECT name FROM ""national_transport"".""transport_mode"" WHERE member_id = $1 AND audit_status <> 'D' ) AS sub;"
3165,TestMultiturn60,8,EXECUTE_SQL,2,ctx_top5,"De ese resultado, muéstrame solo los primeros 5.","SELECT name FROM ""national_transport"".""transport_mode"" WHERE member_id = $1 AND audit_status <> 'D' LIMIT 5;"
3166,TestMultiturn60,9,EXECUTE_SQL,,switch_sql,"Ahora, cambiando de tema: ¿Cuál es el promedio del descuento adicional por lista de precios en ventas de punto de venta? Es urgente.","SELECT t.price_list_type_id AS price_list_type_id, AVG(t.additional_discount_value) AS promedio_additional_discount_value FROM ""pos"".""sale"" AS t WHERE t.member_id = $1 AND t.audit_status <> 'D' GROUP BY t.price_list_type_id ORDER BY promedio_additional_discount_value DESC LIMIT 100;"
3167,TestMultiturn60,10,CLARIFY,,cl_vago,Dame los datos.,
3168,TestMultiturn61,1,NO_SQL,,ns_saludo,"Hola, buenos días.",
3169,TestMultiturn61,2,EXECUTE_SQL,,seed_sql,"Para mi empresa, necesito un resumen combinando cuentas por pagar - stakeholder bank account y cuentas por cobrar - note detail, agrupando por empresa (member_id) y mostrando la suma del campo note_value y el número de registros asociados.","SELECT t1.member_id, SUM(d.note_value) AS total_note_value, COUNT(*) AS registros FROM ""account_payable"".""stakeholder_bank_account"" AS t1 JOIN ""account_receivable"".""note_detail"" AS d ON d.member_id = t1.member_id WHERE t1.member_id = $1 AND t1.audit_status <> 'D' GROUP BY t1.member_id ORDER BY total_note_value DESC LIMIT 100;"
3170,TestMultiturn61,3,EXECUTE_SQL,2,ctx_promedio,"Y en vez de la suma, dame el promedio.","SELECT t1.member_id, AVG(d.note_value) AS total_note_value, COUNT(*) AS registros FROM ""account_payable"".""stakeholder_bank_account"" AS t1 JOIN ""account_receivable"".""note_detail"" AS d ON d.member_id = t1.member_id WHERE t1.member_id = $1 AND t1.audit_status <> 'D' GROUP BY t1.member_id ORDER BY total_note_value DESC LIMIT 100;"
3171,TestMultiturn61,4,EXECUTE_SQL,,switch_sql,"Ahora, cambiando de tema: necesito un reporte de treasury - bank account balance: la suma del valor credito y el número de registros, agrupado por cada mes.","SELECT t.month_id AS month_id, SUM(t.value_credit) AS total_value_credit, COUNT(*) AS registros FROM ""treasury"".""bank_account_balance"" AS t WHERE t.member_id = $1 GROUP BY t.month_id ORDER BY total_value_credit DESC LIMIT 100;"
3172,TestMultiturn61,5,EXECUTE_SQL,4,ctx_top5,"De ese resultado, muéstrame solo los primeros 5.","SELECT t.month_id AS month_id, SUM(t.value_credit) AS total_value_credit, COUNT(*) AS registros FROM ""treasury"".""bank_account_balance"" AS t WHERE t.member_id = $1 GROUP BY t.month_id ORDER BY total_value_credit DESC LIMIT 5;"
3173,TestMultiturn61,6,NO_SQL,,ns_identidad,¿Y tú quién eres exactamente?,
3174,TestMultiturn62,1,EXECUTE_SQL,,seed_sql,¿Cuál es la depreciacion acumulada más alto registrado en libros de activos fijos? Es urgente.,"SELECT MAX(accumulated_depreciation) FROM ""fixed_asset"".""asset_book"" WHERE member_id = $1 AND audit_status <> 'D' LIMIT 100;"
3175,TestMultiturn62,2,NO_SQL,1,ns_explica,¿Me puedes explicar qué significa ese dato?,
3176,TestMultiturn62,3,NO_SQL,,ns_offtopic,"Oye, ¿y me recomiendas algo para almorzar hoy?",
3177,TestMultiturn62,4,EXECUTE_SQL,1,ctx_top5,"De ese resultado, muéstrame solo los primeros 5.","SELECT MAX(accumulated_depreciation) FROM ""fixed_asset"".""asset_book"" WHERE member_id = $1 AND audit_status <> 'D' LIMIT 5;"
3178,TestMultiturn62,5,EXECUTE_SQL,,switch_sql,"Ahora, cambiando de tema: ¿Cuántos cuentas por cobrar - customer detail tax directive tengo por cada impuesto? Muéstrame el nombre del impuesto. Es urgente.","SELECT r.name AS impuesto, COUNT(*) AS registros FROM ""account_receivable"".""customer_detail_tax_directive"" AS t JOIN ""tax"".""tax"" AS r ON t.tax_id = r.id WHERE t.member_id = $1 AND t.audit_status <> 'D' GROUP BY r.name ORDER BY registros DESC LIMIT 100;"
3179,TestMultiturn62,6,EXECUTE_SQL,5,ctx_total,¿Cuántos registros dio ese resultado en total?,"SELECT COUNT(*) AS total_registros FROM ( SELECT r.name AS impuesto, COUNT(*) AS registros FROM ""account_receivable"".""customer_detail_tax_directive"" AS t JOIN ""tax"".""tax"" AS r ON t.tax_id = r.id WHERE t.member_id = $1 AND t.audit_status <> 'D' GROUP BY r.name ORDER BY registros DESC ) AS sub;"
3180,TestMultiturn62,7,EXECUTE_SQL,5,ctx_max,"De ese resultado, ¿cuál tiene el valor más alto?","SELECT r.name AS impuesto, COUNT(*) AS registros FROM ""account_receivable"".""customer_detail_tax_directive"" AS t JOIN ""tax"".""tax"" AS r ON t.tax_id = r.id WHERE t.member_id = $1 AND t.audit_status <> 'D' GROUP BY r.name ORDER BY registros DESC ORDER BY registros DESC LIMIT 1;"
3181,TestMultiturn62,8,CLARIFY,,cl_vago,Dame los datos.,
3182,TestMultiturn63,1,EXECUTE_SQL,,seed_sql,"Para mi empresa, necesito un resumen combinando cuentas por cobrar - conditional discount y remesas, agrupando por empresa (member_id) y mostrando la suma del valor de la carga y el número de registros asociados. Muchas gracias.","SELECT t1.member_id, SUM(d.cargo_value) AS total_cargo_value, COUNT(*) AS registros FROM ""account_receivable"".""conditional_discount"" AS t1 JOIN ""national_transport"".""remittance"" AS d ON d.member_id = t1.member_id WHERE t1.member_id = $1 AND t1.audit_status <> 'D' GROUP BY t1.member_id ORDER BY total_cargo_value DESC LIMIT 100;"
3183,TestMultiturn63,2,EXECUTE_SQL,1,ctx_promedio,"Y en vez de la suma, dame el promedio.","SELECT t1.member_id, AVG(d.cargo_value) AS total_cargo_value, COUNT(*) AS registros FROM ""account_receivable"".""conditional_discount"" AS t1 JOIN ""national_transport"".""remittance"" AS d ON d.member_id = t1.member_id WHERE t1.member_id = $1 AND t1.audit_status <> 'D' GROUP BY t1.member_id ORDER BY total_cargo_value DESC LIMIT 100;"
3184,TestMultiturn63,3,CLARIFY,,cl_eso,¿Y eso cómo va?,
3185,TestMultiturn63,4,EXECUTE_SQL,1,ctx_total,¿Cuántos registros dio ese resultado en total?,"SELECT COUNT(*) AS total_registros FROM ( SELECT t1.member_id, SUM(d.cargo_value) AS total_cargo_value, COUNT(*) AS registros FROM ""account_receivable"".""conditional_discount"" AS t1 JOIN ""national_transport"".""remittance"" AS d ON d.member_id = t1.member_id WHERE t1.member_id = $1 AND t1.audit_status <> 'D' GROUP BY t1.member_id ORDER BY total_cargo_value DESC ) AS sub;"
3186,TestMultiturn63,5,NO_SQL,,ns_ok,"Perfecto, entendido.",
3187,TestMultiturn64,1,NO_SQL,,ns_saludo,"Hola, buenos días.",
3188,TestMultiturn64,2,EXECUTE_SQL,,seed_sql,"Necesito el total del valor del impuesto y el número de treasury - cash note tax, agrupado por cuenta contable (muéstrame el nombre del cuenta contable). Muchas gracias.","SELECT r.name AS cuenta_contable, SUM(t.tax_value) AS total_tax_value, COUNT(*) AS registros FROM ""treasury"".""cash_note_tax"" AS t JOIN ""accounting"".""account"" AS r ON t.account_id = r.id WHERE t.member_id = $1 AND t.audit_status <> 'D' GROUP BY r.id, r.name ORDER BY total_tax_value DESC LIMIT 100;"
3189,TestMultiturn64,3,CLARIFY,,cl_siempre,Muéstrame lo de siempre.,
3190,TestMultiturn64,4,CLARIFY,,cl_otro,"Y lo otro también, porfa.",
3191,TestMultiturn64,5,EXECUTE_SQL,2,ctx_promedio,"Y en vez de la suma, dame el promedio.","SELECT r.name AS cuenta_contable, AVG(t.tax_value) AS total_tax_value, COUNT(*) AS registros FROM ""treasury"".""cash_note_tax"" AS t JOIN ""accounting"".""account"" AS r ON t.account_id = r.id WHERE t.member_id = $1 AND t.audit_status <> 'D' GROUP BY r.id, r.name ORDER BY total_tax_value DESC LIMIT 100;"
3192,TestMultiturn64,6,CLARIFY,,cl_vago,Dame los datos.,
3193,TestMultiturn64,7,NO_SQL,,ns_gracias,"Listo, muchas gracias, justo lo que necesitaba.",
3194,TestMultiturn64,8,EXECUTE_SQL,2,ctx_top5,"De ese resultado, muéstrame solo los primeros 5.","SELECT r.name AS cuenta_contable, SUM(t.tax_value) AS total_tax_value, COUNT(*) AS registros FROM ""treasury"".""cash_note_tax"" AS t JOIN ""accounting"".""account"" AS r ON t.account_id = r.id WHERE t.member_id = $1 AND t.audit_status <> 'D' GROUP BY r.id, r.name ORDER BY total_tax_value DESC LIMIT 5;"
3195,TestMultiturn64,9,NO_SQL,,ns_ok,"Perfecto, entendido.",
3196,TestMultiturn64,10,CLARIFY,,cl_eso,¿Y eso cómo va?,
3197,TestMultiturn65,1,EXECUTE_SQL,,seed_sql,¿Cuántos saldos por pagar hay por cada valor de la columna default_interest_id? Gracias.,"SELECT t.default_interest_id AS default_interest_id, COUNT(*) AS registros FROM ""account_payable"".""balance"" AS t WHERE t.member_id = $1 GROUP BY t.default_interest_id ORDER BY registros DESC LIMIT 100;"
3198,TestMultiturn65,2,NO_SQL,1,ns_explica,¿Me puedes explicar qué significa ese dato?,
3199,TestMultiturn65,3,NO_SQL,,ns_opinion,¿Ese número te parece normal para un negocio como el mío?,
3200,TestMultiturn65,4,EXECUTE_SQL,1,ctx_top5,"De ese resultado, muéstrame solo los primeros 5.","SELECT t.default_interest_id AS default_interest_id, COUNT(*) AS registros FROM ""account_payable"".""balance"" AS t WHERE t.member_id = $1 GROUP BY t.default_interest_id ORDER BY registros DESC LIMIT 5;"
3201,TestMultiturn65,5,EXECUTE_SQL,1,ctx_max,"De ese resultado, ¿cuál tiene el valor más alto?","SELECT t.default_interest_id AS default_interest_id, COUNT(*) AS registros FROM ""account_payable"".""balance"" AS t WHERE t.member_id = $1 GROUP BY t.default_interest_id ORDER BY registros DESC ORDER BY registros DESC LIMIT 1;"
3202,TestMultiturn66,1,EXECUTE_SQL,,seed_sql,"Necesito el total del valor del descuento y el número de cuentas por pagar - return invoice, agrupado por condicion comercial (muéstrame el nombre del condicion comercial). Es urgente.","SELECT r.name AS condicion_comercial, SUM(t.discount_value) AS total_discount_value, COUNT(*) AS registros FROM ""account_payable"".""return_invoice"" AS t JOIN ""account_payable"".""commercial_condition"" AS r ON t.commercial_condition_id = r.id WHERE t.member_id = $1 AND t.audit_status <> 'D' GROUP BY r.id, r.name ORDER BY total_discount_value DESC LIMIT 100;"
3203,TestMultiturn66,2,NO_SQL,,ns_identidad,¿Y tú quién eres exactamente?,
3204,TestMultiturn66,3,EXECUTE_SQL,1,ctx_top5,"De ese resultado, muéstrame solo los primeros 5.","SELECT r.name AS condicion_comercial, SUM(t.discount_value) AS total_discount_value, COUNT(*) AS registros FROM ""account_payable"".""return_invoice"" AS t JOIN ""account_payable"".""commercial_condition"" AS r ON t.commercial_condition_id = r.id WHERE t.member_id = $1 AND t.audit_status <> 'D' GROUP BY r.id, r.name ORDER BY total_discount_value DESC LIMIT 5;"
3205,TestMultiturn66,4,EXECUTE_SQL,,switch_sql,"Ahora, cambiando de tema: indícame la cantidad de facturas de compra junto con la suma del valor del descuento y del subtotal. Gracias.","SELECT COUNT(*) AS cantidad, SUM(discount_value) AS total_discount_value, SUM(subtotal) AS total_subtotal FROM ""account_payable"".""invoice"" WHERE member_id = $1 AND audit_status <> 'D' LIMIT 100;"
3206,TestMultiturn66,5,EXECUTE_SQL,4,ctx_promedio,"Y en vez de la suma, dame el promedio.","SELECT COUNT(*) AS cantidad, AVG(discount_value) AS total_discount_value, SUM(subtotal) AS total_subtotal FROM ""account_payable"".""invoice"" WHERE member_id = $1 AND audit_status <> 'D' LIMIT 100;"
3207,TestMultiturn66,6,CLARIFY,,cl_siempre,Muéstrame lo de siempre.,
3208,TestMultiturn66,7,NO_SQL,,ns_saludo,"Hola, buenas, ¿cómo vas?",
3209,TestMultiturn66,8,EXECUTE_SQL,4,ctx_max,"De ese resultado, ¿cuál tiene el valor más alto?","SELECT COUNT(*) AS cantidad, SUM(discount_value) AS total_discount_value, SUM(subtotal) AS total_subtotal FROM ""account_payable"".""invoice"" WHERE member_id = $1 AND audit_status <> 'D' ORDER BY cantidad DESC LIMIT 1;"
3210,TestMultiturn66,9,EXECUTE_SQL,4,ctx_orden,Ordena ese resultado de mayor a menor.,"SELECT COUNT(*) AS cantidad, SUM(discount_value) AS total_discount_value, SUM(subtotal) AS total_subtotal FROM ""account_payable"".""invoice"" WHERE member_id = $1 AND audit_status <> 'D' ORDER BY cantidad DESC LIMIT 100;"
3211,TestMultiturn67,1,EXECUTE_SQL,,seed_sql,¿Cuántos cuentas por pagar - configuration tengo registrados? Gracias.,"SELECT COUNT(*) FROM ""account_payable"".""configuration"" WHERE member_id = $1 AND audit_status <> 'D' LIMIT 100;"
3212,TestMultiturn67,2,EXECUTE_SQL,1,ctx_total,¿Cuántos registros dio ese resultado en total?,"SELECT COUNT(*) AS total_registros FROM ( SELECT COUNT(*) FROM ""account_payable"".""configuration"" WHERE member_id = $1 AND audit_status <> 'D' ) AS sub;"
3213,TestMultiturn67,3,NO_SQL,,ns_offtopic,"Oye, ¿y me recomiendas algo para almorzar hoy?",
3214,TestMultiturn67,4,CLARIFY,,cl_otro,"Y lo otro también, porfa.",
3215,TestMultiturn67,5,EXECUTE_SQL,1,ctx_top5,"De ese resultado, muéstrame solo los primeros 5.","SELECT COUNT(*) FROM ""account_payable"".""configuration"" WHERE member_id = $1 AND audit_status <> 'D' LIMIT 5;"
3216,TestMultiturn67,6,EXECUTE_SQL,1,ctx_total,¿Cuántos registros dio ese resultado en total?,"SELECT COUNT(*) AS total_registros FROM ( SELECT COUNT(*) FROM ""account_payable"".""configuration"" WHERE member_id = $1 AND audit_status <> 'D' ) AS sub;"
3217,TestMultiturn68,1,EXECUTE_SQL,,seed_sql,"Para mi empresa, quiero ver por cada tercero la suma del valor del activo y cuántos registros hay en activos fijos. Es urgente.","SELECT t.stakeholder_id AS stakeholder_id, SUM(t.asset_value) AS total_asset_value, COUNT(*) AS registros FROM ""fixed_asset"".""asset_addition"" AS t WHERE t.member_id = $1 AND t.audit_status <> 'D' GROUP BY t.stakeholder_id ORDER BY total_asset_value DESC LIMIT 100;"
3218,TestMultiturn68,2,NO_SQL,,ns_ok,"Perfecto, entendido.",
3219,TestMultiturn68,3,EXECUTE_SQL,1,ctx_max,"De ese resultado, ¿cuál tiene el valor más alto?","SELECT t.stakeholder_id AS stakeholder_id, SUM(t.asset_value) AS total_asset_value, COUNT(*) AS registros FROM ""fixed_asset"".""asset_addition"" AS t WHERE t.member_id = $1 AND t.audit_status <> 'D' GROUP BY t.stakeholder_id ORDER BY total_asset_value DESC ORDER BY total_asset_value DESC LIMIT 1;"
3220,TestMultiturn68,4,EXECUTE_SQL,1,ctx_total,¿Cuántos registros dio ese resultado en total?,"SELECT COUNT(*) AS total_registros FROM ( SELECT t.stakeholder_id AS stakeholder_id, SUM(t.asset_value) AS total_asset_value, COUNT(*) AS registros FROM ""fixed_asset"".""asset_addition"" AS t WHERE t.member_id = $1 AND t.audit_status <> 'D' GROUP BY t.stakeholder_id ORDER BY total_asset_value DESC ) AS sub;"
3221,TestMultiturn68,5,EXECUTE_SQL,1,ctx_promedio,"Y en vez de la suma, dame el promedio.","SELECT t.stakeholder_id AS stakeholder_id, AVG(t.asset_value) AS total_asset_value, COUNT(*) AS registros FROM ""fixed_asset"".""asset_addition"" AS t WHERE t.member_id = $1 AND t.audit_status <> 'D' GROUP BY t.stakeholder_id ORDER BY total_asset_value DESC LIMIT 100;"
3222,TestMultiturn68,6,EXECUTE_SQL,1,ctx_orden,Ordena ese resultado de mayor a menor.,"SELECT t.stakeholder_id AS stakeholder_id, SUM(t.asset_value) AS total_asset_value, COUNT(*) AS registros FROM ""fixed_asset"".""asset_addition"" AS t WHERE t.member_id = $1 AND t.audit_status <> 'D' GROUP BY t.stakeholder_id ORDER BY total_asset_value DESC ORDER BY total_asset_value DESC LIMIT 100;"
3223,TestMultiturn68,7,NO_SQL,,ns_gracias,"Listo, muchas gracias, justo lo que necesitaba.",
3224,TestMultiturn68,8,EXECUTE_SQL,,switch_sql,"Ahora, cambiando de tema: ¿Cuál es la suma total del campo note_value en cuentas por cobrar - note detail? Es urgente.","SELECT SUM(note_value) AS total_note_value FROM ""account_receivable"".""note_detail"" WHERE member_id = $1 AND audit_status <> 'D' LIMIT 100;"
3225,TestMultiturn68,9,CLARIFY,,cl_comparar,Compáralo.,
3226,TestMultiturn68,10,CLARIFY,,cl_vago,Dame los datos.,
3227,TestMultiturn69,1,NO_SQL,,ns_saludo,"Hola, buenos días.",
3228,TestMultiturn69,2,EXECUTE_SQL,,seed_sql,"Suministrame los primeros 3 cuentas por pagar - discount type que se crearon en el sistema, con el nombre y la fecha de creación. Por favor.","SELECT name, created_at FROM ""account_payable"".""discount_type"" WHERE member_id = $1 AND audit_status <> 'D' ORDER BY created_at ASC LIMIT 3;"
3229,TestMultiturn69,3,EXECUTE_SQL,2,ctx_top5,"De ese resultado, muéstrame solo los primeros 5.","SELECT name, created_at FROM ""account_payable"".""discount_type"" WHERE member_id = $1 AND audit_status <> 'D' ORDER BY created_at ASC LIMIT 5;"
3230,TestMultiturn69,4,NO_SQL,,ns_gracias,"Listo, muchas gracias, justo lo que necesitaba.",
3231,TestMultiturn69,5,EXECUTE_SQL,2,ctx_total,¿Cuántos registros dio ese resultado en total?,"SELECT COUNT(*) AS total_registros FROM ( SELECT name, created_at FROM ""account_payable"".""discount_type"" WHERE member_id = $1 AND audit_status <> 'D' ORDER BY created_at ASC ) AS sub;"
3232,TestMultiturn70,1,EXECUTE_SQL,,seed_sql,¿Cuál es el nombre del transporte - stakeholder branch con código 1435? Es urgente.,"SELECT name FROM ""national_transport"".""stakeholder_branch"" WHERE member_id = $1 AND audit_status <> 'D' AND code = '1435' LIMIT 100;"
3233,TestMultiturn70,2,CLARIFY,,cl_comparar,Compáralo.,
3234,TestMultiturn70,3,EXECUTE_SQL,1,ctx_total,¿Cuántos registros dio ese resultado en total?,"SELECT COUNT(*) AS total_registros FROM ( SELECT name FROM ""national_transport"".""stakeholder_branch"" WHERE member_id = $1 AND audit_status <> 'D' AND code = '1435' ) AS sub;"
3235,TestMultiturn70,4,EXECUTE_SQL,1,ctx_top5,"De ese resultado, muéstrame solo los primeros 5.","SELECT name FROM ""national_transport"".""stakeholder_branch"" WHERE member_id = $1 AND audit_status <> 'D' AND code = '1435' LIMIT 5;"
3236,TestMultiturn70,5,CLARIFY,,cl_eso,¿Y eso cómo va?,
3237,TestMultiturn70,6,NO_SQL,,ns_gracias,"Listo, muchas gracias, justo lo que necesitaba.",
3238,TestMultiturn70,7,NO_SQL,,ns_capacidad,¿Qué otras cosas puedes consultar de mi empresa?,
3239,TestMultiturn70,8,CLARIFY,,cl_vago,Dame los datos.,
3240,TestMultiturn70,9,EXECUTE_SQL,1,ctx_total,¿Cuántos registros dio ese resultado en total?,"SELECT COUNT(*) AS total_registros FROM ( SELECT name FROM ""national_transport"".""stakeholder_branch"" WHERE member_id = $1 AND audit_status <> 'D' AND code = '1435' ) AS sub;"
3241,TestMultiturn70,10,EXECUTE_SQL,1,ctx_top5,"De ese resultado, muéstrame solo los primeros 5.","SELECT name FROM ""national_transport"".""stakeholder_branch"" WHERE member_id = $1 AND audit_status <> 'D' AND code = '1435' LIMIT 5;"
3242,TestMultiturn71,1,EXECUTE_SQL,,seed_sql,"Dame el total del valor credito de los treasury - income account cuyo sucursal contiene 'OFICINA' en el nombre, agrupado por sucursal. Gracias.","SELECT r.name AS sucursal, SUM(t.value_credit) AS total_value_credit, COUNT(*) AS registros FROM ""treasury"".""income_account"" AS t JOIN ""core"".""branch_office"" AS r ON t.branch_office_id = r.id WHERE t.member_id = $1 AND t.audit_status <> 'D' AND r.name ILIKE '%OFICINA%' GROUP BY r.id, r.name ORDER BY total_value_credit DESC LIMIT 100;"
3243,TestMultiturn71,2,CLARIFY,,cl_siempre,Muéstrame lo de siempre.,
3244,TestMultiturn71,3,NO_SQL,,ns_capacidad,¿Qué otras cosas puedes consultar de mi empresa?,
3245,TestMultiturn71,4,EXECUTE_SQL,1,ctx_max,"De ese resultado, ¿cuál tiene el valor más alto?","SELECT r.name AS sucursal, SUM(t.value_credit) AS total_value_credit, COUNT(*) AS registros FROM ""treasury"".""income_account"" AS t JOIN ""core"".""branch_office"" AS r ON t.branch_office_id = r.id WHERE t.member_id = $1 AND t.audit_status <> 'D' AND r.name ILIKE '%OFICINA%' GROUP BY r.id, r.name ORDER BY total_value_credit DESC ORDER BY total_value_credit DESC LIMIT 1;"
3246,TestMultiturn71,5,EXECUTE_SQL,1,ctx_orden,Ordena ese resultado de mayor a menor.,"SELECT r.name AS sucursal, SUM(t.value_credit) AS total_value_credit, COUNT(*) AS registros FROM ""treasury"".""income_account"" AS t JOIN ""core"".""branch_office"" AS r ON t.branch_office_id = r.id WHERE t.member_id = $1 AND t.audit_status <> 'D' AND r.name ILIKE '%OFICINA%' GROUP BY r.id, r.name ORDER BY total_value_credit DESC ORDER BY total_value_credit DESC LIMIT 100;"
3247,TestMultiturn72,1,EXECUTE_SQL,,seed_sql,"Quiero saber, por cada metodo de pago, la suma del valor neto y la cantidad de pos - session payment asociados; incluye el nombre del metodo de pago.","SELECT r.name AS metodo_de_pago, SUM(t.net_amount) AS total_net_amount, COUNT(*) AS registros FROM ""pos"".""session_payment"" AS t JOIN ""treasury"".""payment_method"" AS r ON t.payment_method_id = r.id WHERE t.member_id = $1 AND t.audit_status <> 'D' GROUP BY r.id, r.name ORDER BY total_net_amount DESC LIMIT 100;"
3248,TestMultiturn72,2,CLARIFY,,cl_otro,"Y lo otro también, porfa.",
3249,TestMultiturn72,3,EXECUTE_SQL,1,ctx_top5,"De ese resultado, muéstrame solo los primeros 5.","SELECT r.name AS metodo_de_pago, SUM(t.net_amount) AS total_net_amount, COUNT(*) AS registros FROM ""pos"".""session_payment"" AS t JOIN ""treasury"".""payment_method"" AS r ON t.payment_method_id = r.id WHERE t.member_id = $1 AND t.audit_status <> 'D' GROUP BY r.id, r.name ORDER BY total_net_amount DESC LIMIT 5;"
3250,TestMultiturn72,4,EXECUTE_SQL,1,ctx_max,"De ese resultado, ¿cuál tiene el valor más alto?","SELECT r.name AS metodo_de_pago, SUM(t.net_amount) AS total_net_amount, COUNT(*) AS registros FROM ""pos"".""session_payment"" AS t JOIN ""treasury"".""payment_method"" AS r ON t.payment_method_id = r.id WHERE t.member_id = $1 AND t.audit_status <> 'D' GROUP BY r.id, r.name ORDER BY total_net_amount DESC ORDER BY total_net_amount DESC LIMIT 1;"
3251,TestMultiturn72,5,NO_SQL,,ns_identidad,¿Y tú quién eres exactamente?,
3252,TestMultiturn73,1,NO_SQL,,ns_saludo,"Hola, buenos días.",
3253,TestMultiturn73,2,EXECUTE_SQL,,seed_sql,¿Cuántos integration - syncronize configuration hay por cada valor de la columna provider_id?,"SELECT t.provider_id AS provider_id, COUNT(*) AS registros FROM ""integration"".""syncronize_configuration"" AS t WHERE t.member_id = $1 AND t.audit_status <> 'D' GROUP BY t.provider_id ORDER BY registros DESC LIMIT 100;"
3254,TestMultiturn73,3,EXECUTE_SQL,2,ctx_max,"De ese resultado, ¿cuál tiene el valor más alto?","SELECT t.provider_id AS provider_id, COUNT(*) AS registros FROM ""integration"".""syncronize_configuration"" AS t WHERE t.member_id = $1 AND t.audit_status <> 'D' GROUP BY t.provider_id ORDER BY registros DESC ORDER BY registros DESC LIMIT 1;"
3255,TestMultiturn73,4,NO_SQL,,ns_opinion,¿Ese número te parece normal para un negocio como el mío?,
3256,TestMultiturn73,5,EXECUTE_SQL,2,ctx_total,¿Cuántos registros dio ese resultado en total?,"SELECT COUNT(*) AS total_registros FROM ( SELECT t.provider_id AS provider_id, COUNT(*) AS registros FROM ""integration"".""syncronize_configuration"" AS t WHERE t.member_id = $1 AND t.audit_status <> 'D' GROUP BY t.provider_id ORDER BY registros DESC ) AS sub;"
3257,TestMultiturn73,6,EXECUTE_SQL,2,ctx_orden,Ordena ese resultado de mayor a menor.,"SELECT t.provider_id AS provider_id, COUNT(*) AS registros FROM ""integration"".""syncronize_configuration"" AS t WHERE t.member_id = $1 AND t.audit_status <> 'D' GROUP BY t.provider_id ORDER BY registros DESC ORDER BY registros DESC LIMIT 100;"
3258,TestMultiturn74,1,EXECUTE_SQL,,seed_sql,¿Cuántos fixed_asset - group revaluation f class tengo por cada cuenta contable? Muéstrame el nombre del cuenta contable. Es urgente.,"SELECT r.name AS cuenta_contable, COUNT(*) AS registros FROM ""fixed_asset"".""group_revaluation_f_class"" AS t JOIN ""accounting"".""account"" AS r ON t.account_id = r.id WHERE t.member_id = $1 AND t.audit_status <> 'D' GROUP BY r.name ORDER BY registros DESC LIMIT 100;"
3259,TestMultiturn74,2,NO_SQL,,ns_identidad,¿Y tú quién eres exactamente?,
3260,TestMultiturn74,3,CLARIFY,,cl_comparar,Compáralo.,
3261,TestMultiturn74,4,EXECUTE_SQL,,switch_sql,"Ahora, cambiando de tema: ¿Cuántos clientes tengo por cada tipo de descuento? Muéstrame el nombre del tipo de descuento. Cuando puedas.","SELECT r.name AS tipo_de_descuento, COUNT(*) AS registros FROM ""account_receivable"".""customer_detail"" AS t JOIN ""account_receivable"".""discount_type"" AS r ON t.discount_type_id = r.id WHERE t.member_id = $1 AND t.audit_status <> 'D' GROUP BY r.name ORDER BY registros DESC LIMIT 100;"
3262,TestMultiturn74,5,EXECUTE_SQL,4,ctx_top5,"De ese resultado, muéstrame solo los primeros 5.","SELECT r.name AS tipo_de_descuento, COUNT(*) AS registros FROM ""account_receivable"".""customer_detail"" AS t JOIN ""account_receivable"".""discount_type"" AS r ON t.discount_type_id = r.id WHERE t.member_id = $1 AND t.audit_status <> 'D' GROUP BY r.name ORDER BY registros DESC LIMIT 5;"
3263,TestMultiturn74,6,EXECUTE_SQL,4,ctx_orden,Ordena ese resultado de mayor a menor.,"SELECT r.name AS tipo_de_descuento, COUNT(*) AS registros FROM ""account_receivable"".""customer_detail"" AS t JOIN ""account_receivable"".""discount_type"" AS r ON t.discount_type_id = r.id WHERE t.member_id = $1 AND t.audit_status <> 'D' GROUP BY r.name ORDER BY registros DESC ORDER BY registros DESC LIMIT 100;"
3264,TestMultiturn75,1,EXECUTE_SQL,,seed_sql,"Oye, ¿cuántos cuentas contables tienen 'OFICINA' dentro de su nombre? Muchas gracias.","SELECT COUNT(*) FROM ""accounting"".""account"" WHERE member_id = $1 AND audit_status <> 'D' AND name ILIKE '%OFICINA%' LIMIT 100;"
3265,TestMultiturn75,2,NO_SQL,,ns_offtopic,"Oye, ¿y me recomiendas algo para almorzar hoy?",
3266,TestMultiturn75,3,EXECUTE_SQL,1,ctx_total,¿Cuántos registros dio ese resultado en total?,"SELECT COUNT(*) AS total_registros FROM ( SELECT COUNT(*) FROM ""accounting"".""account"" WHERE member_id = $1 AND audit_status <> 'D' AND name ILIKE '%OFICINA%' ) AS sub;"
3267,TestMultiturn75,4,EXECUTE_SQL,1,ctx_top5,"De ese resultado, muéstrame solo los primeros 5.","SELECT COUNT(*) FROM ""accounting"".""account"" WHERE member_id = $1 AND audit_status <> 'D' AND name ILIKE '%OFICINA%' LIMIT 5;"
3268,TestMultiturn75,5,EXECUTE_SQL,1,ctx_top5,"De ese resultado, muéstrame solo los primeros 5.","SELECT COUNT(*) FROM ""accounting"".""account"" WHERE member_id = $1 AND audit_status <> 'D' AND name ILIKE '%OFICINA%' LIMIT 5;"
3269,TestMultiturn75,6,CLARIFY,,cl_comparar,Compáralo.,
3270,TestMultiturn75,7,CLARIFY,,cl_vago,Dame los datos.,
3271,TestMultiturn76,1,EXECUTE_SQL,,seed_sql,"Necesito un reporte de libros de activos fijos: la suma de la depreciacion acumulada y el número de registros, agrupado por cada valor de la columna revaluation_distribution_id. Cuando puedas.","SELECT t.revaluation_distribution_id AS revaluation_distribution_id, SUM(t.accumulated_depreciation) AS total_accumulated_depreciation, COUNT(*) AS registros FROM ""fixed_asset"".""asset_book"" AS t WHERE t.member_id = $1 AND t.audit_status <> 'D' GROUP BY t.revaluation_distribution_id ORDER BY total_accumulated_depreciation DESC LIMIT 100;"
3272,TestMultiturn76,2,EXECUTE_SQL,1,ctx_max,"De ese resultado, ¿cuál tiene el valor más alto?","SELECT t.revaluation_distribution_id AS revaluation_distribution_id, SUM(t.accumulated_depreciation) AS total_accumulated_depreciation, COUNT(*) AS registros FROM ""fixed_asset"".""asset_book"" AS t WHERE t.member_id = $1 AND t.audit_status <> 'D' GROUP BY t.revaluation_distribution_id ORDER BY total_accumulated_depreciation DESC ORDER BY total_accumulated_depreciation DESC LIMIT 1;"
3273,TestMultiturn76,3,EXECUTE_SQL,1,ctx_promedio,"Y en vez de la suma, dame el promedio.","SELECT t.revaluation_distribution_id AS revaluation_distribution_id, AVG(t.accumulated_depreciation) AS total_accumulated_depreciation, COUNT(*) AS registros FROM ""fixed_asset"".""asset_book"" AS t WHERE t.member_id = $1 AND t.audit_status <> 'D' GROUP BY t.revaluation_distribution_id ORDER BY total_accumulated_depreciation DESC LIMIT 100;"
3274,TestMultiturn76,4,NO_SQL,,ns_identidad,¿Y tú quién eres exactamente?,
3275,TestMultiturn76,5,EXECUTE_SQL,,switch_sql,"Ahora, cambiando de tema: regálame, agrupado por cada valor de la columna service_order_detail_id, el total del precio y la cantidad de transporte - service order detail additional cost. Por favor.","SELECT t.service_order_detail_id AS service_order_detail_id, SUM(t.price) AS total_price, COUNT(*) AS registros FROM ""national_transport"".""service_order_detail_additional_cost"" AS t WHERE t.member_id = $1 AND t.audit_status <> 'D' GROUP BY t.service_order_detail_id ORDER BY total_price DESC LIMIT 100;"
3276,TestMultiturn76,6,CLARIFY,,cl_comparar,Compáralo.,
3277,TestMultiturn76,7,EXECUTE_SQL,5,ctx_orden,Ordena ese resultado de mayor a menor.,"SELECT t.service_order_detail_id AS service_order_detail_id, SUM(t.price) AS total_price, COUNT(*) AS registros FROM ""national_transport"".""service_order_detail_additional_cost"" AS t WHERE t.member_id = $1 AND t.audit_status <> 'D' GROUP BY t.service_order_detail_id ORDER BY total_price DESC ORDER BY total_price DESC LIMIT 100;"
3278,TestMultiturn77,1,EXECUTE_SQL,,seed_sql,¿Cuántos health - treatment resource tengo por cada producto? Muéstrame el nombre del producto. Cuando puedas.,"SELECT r.name AS producto, COUNT(*) AS registros FROM ""health"".""treatment_resource"" AS t JOIN ""inventory"".""product"" AS r ON t.product_id = r.id WHERE t.member_id = $1 AND t.audit_status <> 'D' GROUP BY r.name ORDER BY registros DESC LIMIT 100;"
3279,TestMultiturn77,2,EXECUTE_SQL,1,ctx_orden,Ordena ese resultado de mayor a menor.,"SELECT r.name AS producto, COUNT(*) AS registros FROM ""health"".""treatment_resource"" AS t JOIN ""inventory"".""product"" AS r ON t.product_id = r.id WHERE t.member_id = $1 AND t.audit_status <> 'D' GROUP BY r.name ORDER BY registros DESC ORDER BY registros DESC LIMIT 100;"
3280,TestMultiturn77,3,CLARIFY,,cl_eso,¿Y eso cómo va?,
3281,TestMultiturn77,4,NO_SQL,,ns_ok,"Perfecto, entendido.",
3282,TestMultiturn77,5,NO_SQL,,ns_capacidad,¿Qué otras cosas puedes consultar de mi empresa?,
3283,TestMultiturn77,6,NO_SQL,1,ns_explica,¿Me puedes explicar qué significa ese dato?,
3284,TestMultiturn77,7,EXECUTE_SQL,1,ctx_max,"De ese resultado, ¿cuál tiene el valor más alto?","SELECT r.name AS producto, COUNT(*) AS registros FROM ""health"".""treatment_resource"" AS t JOIN ""inventory"".""product"" AS r ON t.product_id = r.id WHERE t.member_id = $1 AND t.audit_status <> 'D' GROUP BY r.name ORDER BY registros DESC ORDER BY registros DESC LIMIT 1;"
3285,TestMultiturn77,8,EXECUTE_SQL,,switch_sql,"Ahora, cambiando de tema: necesito el total del precio y el número de transporte - pricing route config, agrupado por ruta (muéstrame el nombre del ruta). Es urgente.","SELECT r.name AS ruta, SUM(t.price) AS total_price, COUNT(*) AS registros FROM ""national_transport"".""pricing_route_config"" AS t JOIN ""national_transport"".""route"" AS r ON t.route_id = r.id WHERE t.member_id = $1 AND t.audit_status <> 'D' GROUP BY r.id, r.name ORDER BY total_price DESC LIMIT 100;"
3286,TestMultiturn77,9,EXECUTE_SQL,8,ctx_top5,"De ese resultado, muéstrame solo los primeros 5.","SELECT r.name AS ruta, SUM(t.price) AS total_price, COUNT(*) AS registros FROM ""national_transport"".""pricing_route_config"" AS t JOIN ""national_transport"".""route"" AS r ON t.route_id = r.id WHERE t.member_id = $1 AND t.audit_status <> 'D' GROUP BY r.id, r.name ORDER BY total_price DESC LIMIT 5;"
3287,TestMultiturn77,10,CLARIFY,,cl_vago,Dame los datos.,
3288,TestMultiturn78,1,EXECUTE_SQL,,seed_sql,"Dame el total del valor del descuento de los programaciones de pago cuyo metodo de pago contiene 'NACIONAL' en el nombre, agrupado por metodo de pago. Por favor.","SELECT r.name AS metodo_de_pago, SUM(t.discount_amount) AS total_discount_amount, COUNT(*) AS registros FROM ""treasury"".""payment_schedule"" AS t JOIN ""treasury"".""payment_method"" AS r ON t.payment_method_id = r.id WHERE t.member_id = $1 AND t.audit_status <> 'D' AND r.name ILIKE '%NACIONAL%' GROUP BY r.id, r.name ORDER BY total_discount_amount DESC LIMIT 100;"
3289,TestMultiturn78,2,NO_SQL,,ns_offtopic,"Oye, ¿y me recomiendas algo para almorzar hoy?",
3290,TestMultiturn78,3,EXECUTE_SQL,1,ctx_total,¿Cuántos registros dio ese resultado en total?,"SELECT COUNT(*) AS total_registros FROM ( SELECT r.name AS metodo_de_pago, SUM(t.discount_amount) AS total_discount_amount, COUNT(*) AS registros FROM ""treasury"".""payment_schedule"" AS t JOIN ""treasury"".""payment_method"" AS r ON t.payment_method_id = r.id WHERE t.member_id = $1 AND t.audit_status <> 'D' AND r.name ILIKE '%NACIONAL%' GROUP BY r.id, r.name ORDER BY total_discount_amount DESC ) AS sub;"
3291,TestMultiturn78,4,EXECUTE_SQL,,switch_sql,"Ahora, cambiando de tema: ¿Cuántos remesas tengo por cada categoria? Muéstrame el nombre del categoria. Es urgente.","SELECT r.name AS categoria, COUNT(*) AS registros FROM ""national_transport"".""remittance"" AS t JOIN ""core"".""category"" AS r ON t.category_id = r.id WHERE t.member_id = $1 AND t.audit_status <> 'D' GROUP BY r.name ORDER BY registros DESC LIMIT 100;"
3292,TestMultiturn78,5,EXECUTE_SQL,4,ctx_max,"De ese resultado, ¿cuál tiene el valor más alto?","SELECT r.name AS categoria, COUNT(*) AS registros FROM ""national_transport"".""remittance"" AS t JOIN ""core"".""category"" AS r ON t.category_id = r.id WHERE t.member_id = $1 AND t.audit_status <> 'D' GROUP BY r.name ORDER BY registros DESC ORDER BY registros DESC LIMIT 1;"
3293,TestMultiturn78,6,CLARIFY,,cl_comparar,Compáralo.,
3294,TestMultiturn78,7,EXECUTE_SQL,4,ctx_top5,"De ese resultado, muéstrame solo los primeros 5.","SELECT r.name AS categoria, COUNT(*) AS registros FROM ""national_transport"".""remittance"" AS t JOIN ""core"".""category"" AS r ON t.category_id = r.id WHERE t.member_id = $1 AND t.audit_status <> 'D' GROUP BY r.name ORDER BY registros DESC LIMIT 5;"
3295,TestMultiturn78,8,EXECUTE_SQL,4,ctx_orden,Ordena ese resultado de mayor a menor.,"SELECT r.name AS categoria, COUNT(*) AS registros FROM ""national_transport"".""remittance"" AS t JOIN ""core"".""category"" AS r ON t.category_id = r.id WHERE t.member_id = $1 AND t.audit_status <> 'D' GROUP BY r.name ORDER BY registros DESC ORDER BY registros DESC LIMIT 100;"
3296,TestMultiturn78,9,NO_SQL,,ns_ok,"Perfecto, entendido.",
3297,TestMultiturn78,10,CLARIFY,,cl_otro,"Y lo otro también, porfa.",
3298,TestMultiturn79,1,EXECUTE_SQL,,seed_sql,"Para mi empresa, necesito un resumen combinando integration - syncronize configuration y programaciones de pago, agrupando por empresa (member_id) y mostrando la suma del valor del descuento y el número de registros asociados. Cuando puedas.","SELECT t1.member_id, SUM(d.discount_amount) AS total_discount_amount, COUNT(*) AS registros FROM ""integration"".""syncronize_configuration"" AS t1 JOIN ""treasury"".""payment_schedule"" AS d ON d.member_id = t1.member_id WHERE t1.member_id = $1 AND t1.audit_status <> 'D' GROUP BY t1.member_id ORDER BY total_discount_amount DESC LIMIT 100;"
3299,TestMultiturn79,2,EXECUTE_SQL,1,ctx_promedio,"Y en vez de la suma, dame el promedio.","SELECT t1.member_id, AVG(d.discount_amount) AS total_discount_amount, COUNT(*) AS registros FROM ""integration"".""syncronize_configuration"" AS t1 JOIN ""treasury"".""payment_schedule"" AS d ON d.member_id = t1.member_id WHERE t1.member_id = $1 AND t1.audit_status <> 'D' GROUP BY t1.member_id ORDER BY total_discount_amount DESC LIMIT 100;"
3300,TestMultiturn79,3,EXECUTE_SQL,1,ctx_total,¿Cuántos registros dio ese resultado en total?,"SELECT COUNT(*) AS total_registros FROM ( SELECT t1.member_id, SUM(d.discount_amount) AS total_discount_amount, COUNT(*) AS registros FROM ""integration"".""syncronize_configuration"" AS t1 JOIN ""treasury"".""payment_schedule"" AS d ON d.member_id = t1.member_id WHERE t1.member_id = $1 AND t1.audit_status <> 'D' GROUP BY t1.member_id ORDER BY total_discount_amount DESC ) AS sub;"
3301,TestMultiturn79,4,NO_SQL,,ns_saludo,"Hola, buenas, ¿cómo vas?",
3302,TestMultiturn79,5,CLARIFY,,cl_otro,"Y lo otro también, porfa.",
3303,TestMultiturn79,6,NO_SQL,,ns_opinion,¿Ese número te parece normal para un negocio como el mío?,
3304,TestMultiturn79,7,EXECUTE_SQL,1,ctx_max,"De ese resultado, ¿cuál tiene el valor más alto?","SELECT t1.member_id, SUM(d.discount_amount) AS total_discount_amount, COUNT(*) AS registros FROM ""integration"".""syncronize_configuration"" AS t1 JOIN ""treasury"".""payment_schedule"" AS d ON d.member_id = t1.member_id WHERE t1.member_id = $1 AND t1.audit_status <> 'D' GROUP BY t1.member_id ORDER BY total_discount_amount DESC ORDER BY total_discount_amount DESC LIMIT 1;"
3305,TestMultiturn79,8,CLARIFY,,cl_siempre,Muéstrame lo de siempre.,
3306,TestMultiturn79,9,EXECUTE_SQL,1,ctx_orden,Ordena ese resultado de mayor a menor.,"SELECT t1.member_id, SUM(d.discount_amount) AS total_discount_amount, COUNT(*) AS registros FROM ""integration"".""syncronize_configuration"" AS t1 JOIN ""treasury"".""payment_schedule"" AS d ON d.member_id = t1.member_id WHERE t1.member_id = $1 AND t1.audit_status <> 'D' GROUP BY t1.member_id ORDER BY total_discount_amount DESC ORDER BY total_discount_amount DESC LIMIT 100;"
3307,TestMultiturn79,10,CLARIFY,,cl_vago,Dame los datos.,
3308,TestMultiturn80,1,EXECUTE_SQL,,seed_sql,Indícame la cantidad de transporte - service order detail vehicle junto con la suma del valor del flete y de los gastos totales.,"SELECT COUNT(*) AS cantidad, SUM(freight_value) AS total_freight_value, SUM(total_expenses) AS total_total_expenses FROM ""national_transport"".""service_order_detail_vehicle"" WHERE member_id = $1 AND audit_status <> 'D' LIMIT 100;"
3309,TestMultiturn80,2,EXECUTE_SQL,1,ctx_top5,"De ese resultado, muéstrame solo los primeros 5.","SELECT COUNT(*) AS cantidad, SUM(freight_value) AS total_freight_value, SUM(total_expenses) AS total_total_expenses FROM ""national_transport"".""service_order_detail_vehicle"" WHERE member_id = $1 AND audit_status <> 'D' LIMIT 5;"
3310,TestMultiturn80,3,NO_SQL,1,ns_explica,¿Me puedes explicar qué significa ese dato?,
3311,TestMultiturn80,4,NO_SQL,,ns_gracias,"Listo, muchas gracias, justo lo que necesitaba.",
3312,TestMultiturn80,5,EXECUTE_SQL,1,ctx_total,¿Cuántos registros dio ese resultado en total?,"SELECT COUNT(*) AS total_registros FROM ( SELECT COUNT(*) AS cantidad, SUM(freight_value) AS total_freight_value, SUM(total_expenses) AS total_total_expenses FROM ""national_transport"".""service_order_detail_vehicle"" WHERE member_id = $1 AND audit_status <> 'D' ) AS sub;"
3313,TestMultiturn80,6,EXECUTE_SQL,1,ctx_promedio,"Y en vez de la suma, dame el promedio.","SELECT COUNT(*) AS cantidad, AVG(freight_value) AS total_freight_value, SUM(total_expenses) AS total_total_expenses FROM ""national_transport"".""service_order_detail_vehicle"" WHERE member_id = $1 AND audit_status <> 'D' LIMIT 100;"
3314,TestMultiturn80,7,EXECUTE_SQL,,switch_sql,"Ahora, cambiando de tema: ¿Cuál es el valor total más alto registrado en treasury - bank note?","SELECT MAX(total_value) FROM ""treasury"".""bank_note"" WHERE member_id = $1 AND audit_status <> 'D' LIMIT 100;"
3315,TestMultiturn80,8,EXECUTE_SQL,7,ctx_top5,"De ese resultado, muéstrame solo los primeros 5.","SELECT MAX(total_value) FROM ""treasury"".""bank_note"" WHERE member_id = $1 AND audit_status <> 'D' LIMIT 5;"
3316,TestMultiturn80,9,NO_SQL,,ns_identidad,¿Y tú quién eres exactamente?,
3317,TestMultiturn80,10,EXECUTE_SQL,7,ctx_total,¿Cuántos registros dio ese resultado en total?,"SELECT COUNT(*) AS total_registros FROM ( SELECT MAX(total_value) FROM ""treasury"".""bank_note"" WHERE member_id = $1 AND audit_status <> 'D' ) AS sub;"
3318,TestMultiturn81,1,NO_SQL,,ns_saludo,"Hola, buenos días.",
3319,TestMultiturn81,2,EXECUTE_SQL,,seed_sql,"Para mi empresa, necesito un resumen combinando inventario - product option value y inventario - lot, agrupando por empresa (member_id) y mostrando la suma de la cantidad alterna y el número de registros asociados. Cuando puedas.","SELECT t1.member_id, SUM(d.alternate_quantity) AS total_alternate_quantity, COUNT(*) AS registros FROM ""inventory"".""product_option_value"" AS t1 JOIN ""inventory"".""lot"" AS d ON d.member_id = t1.member_id WHERE t1.member_id = $1 AND t1.audit_status <> 'D' GROUP BY t1.member_id ORDER BY total_alternate_quantity DESC LIMIT 100;"
3320,TestMultiturn81,3,NO_SQL,2,ns_explica,¿Me puedes explicar qué significa ese dato?,
3321,TestMultiturn81,4,NO_SQL,,ns_ok,"Perfecto, entendido.",
3322,TestMultiturn81,5,EXECUTE_SQL,2,ctx_promedio,"Y en vez de la suma, dame el promedio.","SELECT t1.member_id, AVG(d.alternate_quantity) AS total_alternate_quantity, COUNT(*) AS registros FROM ""inventory"".""product_option_value"" AS t1 JOIN ""inventory"".""lot"" AS d ON d.member_id = t1.member_id WHERE t1.member_id = $1 AND t1.audit_status <> 'D' GROUP BY t1.member_id ORDER BY total_alternate_quantity DESC LIMIT 100;"
3323,TestMultiturn81,6,EXECUTE_SQL,2,ctx_total,¿Cuántos registros dio ese resultado en total?,"SELECT COUNT(*) AS total_registros FROM ( SELECT t1.member_id, SUM(d.alternate_quantity) AS total_alternate_quantity, COUNT(*) AS registros FROM ""inventory"".""product_option_value"" AS t1 JOIN ""inventory"".""lot"" AS d ON d.member_id = t1.member_id WHERE t1.member_id = $1 AND t1.audit_status <> 'D' GROUP BY t1.member_id ORDER BY total_alternate_quantity DESC ) AS sub;"
3324,TestMultiturn81,7,EXECUTE_SQL,2,ctx_max,"De ese resultado, ¿cuál tiene el valor más alto?","SELECT t1.member_id, SUM(d.alternate_quantity) AS total_alternate_quantity, COUNT(*) AS registros FROM ""inventory"".""product_option_value"" AS t1 JOIN ""inventory"".""lot"" AS d ON d.member_id = t1.member_id WHERE t1.member_id = $1 AND t1.audit_status <> 'D' GROUP BY t1.member_id ORDER BY total_alternate_quantity DESC ORDER BY total_alternate_quantity DESC LIMIT 1;"
3325,TestMultiturn82,1,EXECUTE_SQL,,seed_sql,"Indicame los ultimos 2 productos que se han creado, solo requiero el nombre y la descripcion.","select name,description from inventory.product p where member_id=$1 and audit_Status<>'D' order by created_at desc limit 2;"
3326,TestMultiturn82,2,NO_SQL,,ns_capacidad,¿Qué otras cosas puedes consultar de mi empresa?,
3327,TestMultiturn82,3,EXECUTE_SQL,1,ctx_total,¿Cuántos registros dio ese resultado en total?,"SELECT COUNT(*) AS total_registros FROM ( select name,description from inventory.product p where member_id=$1 and audit_Status<>'D' order by created_at desc ) AS sub;"
3328,TestMultiturn82,4,EXECUTE_SQL,1,ctx_top5,"De ese resultado, muéstrame solo los primeros 5.","select name,description from inventory.product p where member_id=$1 and audit_Status<>'D' order by created_at desc LIMIT 5;"
3329,TestMultiturn82,5,CLARIFY,,cl_vago,Dame los datos.,
3330,TestMultiturn83,1,EXECUTE_SQL,,seed_sql,Indícame la cantidad de coberturas de poliza junto con la suma del deducible y del valor asegurado.,"SELECT COUNT(*) AS cantidad, SUM(deductible) AS total_deductible, SUM(insured_amount) AS total_insured_amount FROM ""insurance"".""policy_coverage"" WHERE member_id = $1 AND audit_status <> 'D' LIMIT 100;"
3331,TestMultiturn83,2,EXECUTE_SQL,1,ctx_orden,Ordena ese resultado de mayor a menor.,"SELECT COUNT(*) AS cantidad, SUM(deductible) AS total_deductible, SUM(insured_amount) AS total_insured_amount FROM ""insurance"".""policy_coverage"" WHERE member_id = $1 AND audit_status <> 'D' ORDER BY cantidad DESC LIMIT 100;"
3332,TestMultiturn83,3,CLARIFY,,cl_siempre,Muéstrame lo de siempre.,
3333,TestMultiturn83,4,NO_SQL,1,ns_explica,¿Me puedes explicar qué significa ese dato?,
3334,TestMultiturn83,5,EXECUTE_SQL,1,ctx_top5,"De ese resultado, muéstrame solo los primeros 5.","SELECT COUNT(*) AS cantidad, SUM(deductible) AS total_deductible, SUM(insured_amount) AS total_insured_amount FROM ""insurance"".""policy_coverage"" WHERE member_id = $1 AND audit_status <> 'D' LIMIT 5;"
3335,TestMultiturn83,6,CLARIFY,,cl_comparar,Compáralo.,
3336,TestMultiturn84,1,EXECUTE_SQL,,seed_sql,"Para mi empresa, necesito un resumen combinando core - tree struct y pos - return sale detail, agrupando por empresa (member_id) y mostrando la suma de la cantidad alterna y el número de registros asociados. Gracias.","SELECT t1.member_id, SUM(d.alternate_quantity) AS total_alternate_quantity, COUNT(*) AS registros FROM ""core"".""tree_struct"" AS t1 JOIN ""pos"".""return_sale_detail"" AS d ON d.member_id = t1.member_id WHERE t1.member_id = $1 AND t1.audit_status <> 'D' GROUP BY t1.member_id ORDER BY total_alternate_quantity DESC LIMIT 100;"
3337,TestMultiturn84,2,EXECUTE_SQL,1,ctx_top5,"De ese resultado, muéstrame solo los primeros 5.","SELECT t1.member_id, SUM(d.alternate_quantity) AS total_alternate_quantity, COUNT(*) AS registros FROM ""core"".""tree_struct"" AS t1 JOIN ""pos"".""return_sale_detail"" AS d ON d.member_id = t1.member_id WHERE t1.member_id = $1 AND t1.audit_status <> 'D' GROUP BY t1.member_id ORDER BY total_alternate_quantity DESC LIMIT 5;"
3338,TestMultiturn84,3,NO_SQL,1,ns_explica,¿Me puedes explicar qué significa ese dato?,
3339,TestMultiturn84,4,EXECUTE_SQL,,switch_sql,"Ahora, cambiando de tema: oye, ¿cuántos health - medical record procedure hay en el sistema en este momento? Muchas gracias.","SELECT COUNT(*) FROM ""health"".""medical_record_procedure"" WHERE member_id = $1 AND audit_status <> 'D' LIMIT 100;"
3340,TestMultiturn84,5,NO_SQL,,ns_saludo,"Hola, buenas, ¿cómo vas?",
3341,TestMultiturn84,6,EXECUTE_SQL,4,ctx_total,¿Cuántos registros dio ese resultado en total?,"SELECT COUNT(*) AS total_registros FROM ( SELECT COUNT(*) FROM ""health"".""medical_record_procedure"" WHERE member_id = $1 AND audit_status <> 'D' ) AS sub;"
3342,TestMultiturn85,1,EXECUTE_SQL,,seed_sql,Regálame el nombre de todos mis legal - process. Es urgente.,"SELECT name FROM ""legal"".""process"" WHERE member_id = $1 AND audit_status <> 'D' LIMIT 100;"
3343,TestMultiturn85,2,EXECUTE_SQL,1,ctx_top5,"De ese resultado, muéstrame solo los primeros 5.","SELECT name FROM ""legal"".""process"" WHERE member_id = $1 AND audit_status <> 'D' LIMIT 5;"
3344,TestMultiturn85,3,NO_SQL,,ns_opinion,¿Ese número te parece normal para un negocio como el mío?,
3345,TestMultiturn85,4,CLARIFY,,cl_comparar,Compáralo.,
3346,TestMultiturn85,5,NO_SQL,,ns_offtopic,"Oye, ¿y me recomiendas algo para almorzar hoy?",
3347,TestMultiturn85,6,EXECUTE_SQL,1,ctx_total,¿Cuántos registros dio ese resultado en total?,"SELECT COUNT(*) AS total_registros FROM ( SELECT name FROM ""legal"".""process"" WHERE member_id = $1 AND audit_status <> 'D' ) AS sub;"
3348,TestMultiturn85,7,EXECUTE_SQL,1,ctx_top5,"De ese resultado, muéstrame solo los primeros 5.","SELECT name FROM ""legal"".""process"" WHERE member_id = $1 AND audit_status <> 'D' LIMIT 5;"
3349,TestMultiturn86,1,EXECUTE_SQL,,seed_sql,Dame el listado de nombres de cuentas por pagar - supplier detail.,"SELECT name FROM ""account_payable"".""supplier_detail"" WHERE member_id = $1 AND audit_status <> 'D' LIMIT 100;"
3350,TestMultiturn86,2,NO_SQL,,ns_identidad,¿Y tú quién eres exactamente?,
3351,TestMultiturn86,3,CLARIFY,,cl_eso,¿Y eso cómo va?,
3352,TestMultiturn86,4,EXECUTE_SQL,1,ctx_total,¿Cuántos registros dio ese resultado en total?,"SELECT COUNT(*) AS total_registros FROM ( SELECT name FROM ""account_payable"".""supplier_detail"" WHERE member_id = $1 AND audit_status <> 'D' ) AS sub;"
3353,TestMultiturn86,5,EXECUTE_SQL,1,ctx_top5,"De ese resultado, muéstrame solo los primeros 5.","SELECT name FROM ""account_payable"".""supplier_detail"" WHERE member_id = $1 AND audit_status <> 'D' LIMIT 5;"
3354,TestMultiturn87,1,NO_SQL,,ns_saludo,"Hola, buenos días.",
3355,TestMultiturn87,2,EXECUTE_SQL,,seed_sql,"Suministrame los primeros 3 integration - parameters que se crearon en el sistema, con el nombre y la fecha de creación. Muchas gracias.","SELECT name, created_at FROM ""integration"".""parameters"" WHERE member_id = $1 AND audit_status <> 'D' ORDER BY created_at ASC LIMIT 3;"
3356,TestMultiturn87,3,CLARIFY,,cl_comparar,Compáralo.,
3357,TestMultiturn87,4,EXECUTE_SQL,2,ctx_total,¿Cuántos registros dio ese resultado en total?,"SELECT COUNT(*) AS total_registros FROM ( SELECT name, created_at FROM ""integration"".""parameters"" WHERE member_id = $1 AND audit_status <> 'D' ORDER BY created_at ASC ) AS sub;"
3358,TestMultiturn87,5,EXECUTE_SQL,2,ctx_top5,"De ese resultado, muéstrame solo los primeros 5.","SELECT name, created_at FROM ""integration"".""parameters"" WHERE member_id = $1 AND audit_status <> 'D' ORDER BY created_at ASC LIMIT 5;"
3359,TestMultiturn87,6,EXECUTE_SQL,2,ctx_total,¿Cuántos registros dio ese resultado en total?,"SELECT COUNT(*) AS total_registros FROM ( SELECT name, created_at FROM ""integration"".""parameters"" WHERE member_id = $1 AND audit_status <> 'D' ORDER BY created_at ASC ) AS sub;"
3360,TestMultiturn87,7,NO_SQL,,ns_capacidad,¿Qué otras cosas puedes consultar de mi empresa?,
3361,TestMultiturn88,1,EXECUTE_SQL,,seed_sql,¿Cuál es la suma total del valor credito en treasury - cash register balance? Por favor.,"SELECT SUM(value_credit) AS total_value_credit FROM ""treasury"".""cash_register_balance"" WHERE member_id = $1 LIMIT 100;"
3362,TestMultiturn88,2,NO_SQL,,ns_saludo,"Hola, buenas, ¿cómo vas?",
3363,TestMultiturn88,3,EXECUTE_SQL,1,ctx_total,¿Cuántos registros dio ese resultado en total?,"SELECT COUNT(*) AS total_registros FROM ( SELECT SUM(value_credit) AS total_value_credit FROM ""treasury"".""cash_register_balance"" WHERE member_id = $1 ) AS sub;"
3364,TestMultiturn88,4,NO_SQL,,ns_capacidad,¿Qué otras cosas puedes consultar de mi empresa?,
3365,TestMultiturn88,5,CLARIFY,,cl_siempre,Muéstrame lo de siempre.,
3366,TestMultiturn88,6,EXECUTE_SQL,1,ctx_top5,"De ese resultado, muéstrame solo los primeros 5.","SELECT SUM(value_credit) AS total_value_credit FROM ""treasury"".""cash_register_balance"" WHERE member_id = $1 LIMIT 5;"
3367,TestMultiturn89,1,EXECUTE_SQL,,seed_sql,"Dame el total del valor de los accounting - movement tax detail cuyo impuesto contiene 'PROVEEDOR' en el nombre, agrupado por impuesto.","SELECT r.name AS impuesto, SUM(t.value_amount) AS total_value_amount, COUNT(*) AS registros FROM ""accounting"".""movement_tax_detail"" AS t JOIN ""tax"".""tax"" AS r ON t.tax_id = r.id WHERE t.member_id = $1 AND t.audit_status <> 'D' AND r.name ILIKE '%PROVEEDOR%' GROUP BY r.id, r.name ORDER BY total_value_amount DESC LIMIT 100;"
3368,TestMultiturn89,2,NO_SQL,,ns_offtopic,"Oye, ¿y me recomiendas algo para almorzar hoy?",
3369,TestMultiturn89,3,EXECUTE_SQL,1,ctx_promedio,"Y en vez de la suma, dame el promedio.","SELECT r.name AS impuesto, AVG(t.value_amount) AS total_value_amount, COUNT(*) AS registros FROM ""accounting"".""movement_tax_detail"" AS t JOIN ""tax"".""tax"" AS r ON t.tax_id = r.id WHERE t.member_id = $1 AND t.audit_status <> 'D' AND r.name ILIKE '%PROVEEDOR%' GROUP BY r.id, r.name ORDER BY total_value_amount DESC LIMIT 100;"
3370,TestMultiturn89,4,EXECUTE_SQL,1,ctx_top5,"De ese resultado, muéstrame solo los primeros 5.","SELECT r.name AS impuesto, SUM(t.value_amount) AS total_value_amount, COUNT(*) AS registros FROM ""accounting"".""movement_tax_detail"" AS t JOIN ""tax"".""tax"" AS r ON t.tax_id = r.id WHERE t.member_id = $1 AND t.audit_status <> 'D' AND r.name ILIKE '%PROVEEDOR%' GROUP BY r.id, r.name ORDER BY total_value_amount DESC LIMIT 5;"
3371,TestMultiturn89,5,CLARIFY,,cl_siempre,Muéstrame lo de siempre.,
3372,TestMultiturn90,1,EXECUTE_SQL,,seed_sql,"Para mi empresa, necesito un resumen combinando core - indicator y programaciones de pago, agrupando por empresa (member_id) y mostrando la suma del valor del descuento y el número de registros asociados. Gracias.","SELECT t1.member_id, SUM(d.discount_amount) AS total_discount_amount, COUNT(*) AS registros FROM ""core"".""indicator"" AS t1 JOIN ""treasury"".""payment_schedule"" AS d ON d.member_id = t1.member_id WHERE t1.member_id = $1 AND t1.audit_status <> 'D' GROUP BY t1.member_id ORDER BY total_discount_amount DESC LIMIT 100;"
3373,TestMultiturn90,2,NO_SQL,,ns_capacidad,¿Qué otras cosas puedes consultar de mi empresa?,
3374,TestMultiturn90,3,NO_SQL,,ns_opinion,¿Ese número te parece normal para un negocio como el mío?,
3375,TestMultiturn90,4,CLARIFY,,cl_siempre,Muéstrame lo de siempre.,
3376,TestMultiturn90,5,EXECUTE_SQL,1,ctx_max,"De ese resultado, ¿cuál tiene el valor más alto?","SELECT t1.member_id, SUM(d.discount_amount) AS total_discount_amount, COUNT(*) AS registros FROM ""core"".""indicator"" AS t1 JOIN ""treasury"".""payment_schedule"" AS d ON d.member_id = t1.member_id WHERE t1.member_id = $1 AND t1.audit_status <> 'D' GROUP BY t1.member_id ORDER BY total_discount_amount DESC ORDER BY total_discount_amount DESC LIMIT 1;"
3377,TestMultiturn90,6,EXECUTE_SQL,1,ctx_total,¿Cuántos registros dio ese resultado en total?,"SELECT COUNT(*) AS total_registros FROM ( SELECT t1.member_id, SUM(d.discount_amount) AS total_discount_amount, COUNT(*) AS registros FROM ""core"".""indicator"" AS t1 JOIN ""treasury"".""payment_schedule"" AS d ON d.member_id = t1.member_id WHERE t1.member_id = $1 AND t1.audit_status <> 'D' GROUP BY t1.member_id ORDER BY total_discount_amount DESC ) AS sub;"
3378,TestMultiturn90,7,EXECUTE_SQL,1,ctx_promedio,"Y en vez de la suma, dame el promedio.","SELECT t1.member_id, AVG(d.discount_amount) AS total_discount_amount, COUNT(*) AS registros FROM ""core"".""indicator"" AS t1 JOIN ""treasury"".""payment_schedule"" AS d ON d.member_id = t1.member_id WHERE t1.member_id = $1 AND t1.audit_status <> 'D' GROUP BY t1.member_id ORDER BY total_discount_amount DESC LIMIT 100;"
3379,TestMultiturn90,8,EXECUTE_SQL,1,ctx_top5,"De ese resultado, muéstrame solo los primeros 5.","SELECT t1.member_id, SUM(d.discount_amount) AS total_discount_amount, COUNT(*) AS registros FROM ""core"".""indicator"" AS t1 JOIN ""treasury"".""payment_schedule"" AS d ON d.member_id = t1.member_id WHERE t1.member_id = $1 AND t1.audit_status <> 'D' GROUP BY t1.member_id ORDER BY total_discount_amount DESC LIMIT 5;"
3380,TestMultiturn90,9,EXECUTE_SQL,1,ctx_orden,Ordena ese resultado de mayor a menor.,"SELECT t1.member_id, SUM(d.discount_amount) AS total_discount_amount, COUNT(*) AS registros FROM ""core"".""indicator"" AS t1 JOIN ""treasury"".""payment_schedule"" AS d ON d.member_id = t1.member_id WHERE t1.member_id = $1 AND t1.audit_status <> 'D' GROUP BY t1.member_id ORDER BY total_discount_amount DESC ORDER BY total_discount_amount DESC LIMIT 100;"
3381,TestMultiturn91,1,EXECUTE_SQL,,seed_sql,¿Cuál es la suma total del costo unitario en transporte - complementary price? Por favor.,"SELECT SUM(unit_cost) AS total_unit_cost FROM ""national_transport"".""complementary_price"" WHERE member_id = $1 AND audit_status <> 'D' LIMIT 100;"
3382,TestMultiturn91,2,CLARIFY,,cl_eso,¿Y eso cómo va?,
3383,TestMultiturn91,3,EXECUTE_SQL,1,ctx_top5,"De ese resultado, muéstrame solo los primeros 5.","SELECT SUM(unit_cost) AS total_unit_cost FROM ""national_transport"".""complementary_price"" WHERE member_id = $1 AND audit_status <> 'D' LIMIT 5;"
3384,TestMultiturn91,4,NO_SQL,,ns_identidad,¿Y tú quién eres exactamente?,
3385,TestMultiturn91,5,NO_SQL,,ns_opinion,¿Ese número te parece normal para un negocio como el mío?,
3386,TestMultiturn91,6,NO_SQL,,ns_saludo,"Hola, buenas, ¿cómo vas?",
3387,TestMultiturn91,7,NO_SQL,,ns_offtopic,"Oye, ¿y me recomiendas algo para almorzar hoy?",
3388,TestMultiturn91,8,EXECUTE_SQL,1,ctx_max,"De ese resultado, ¿cuál tiene el valor más alto?","SELECT SUM(unit_cost) AS total_unit_cost FROM ""national_transport"".""complementary_price"" WHERE member_id = $1 AND audit_status <> 'D' ORDER BY total_unit_cost DESC LIMIT 1;"
3389,TestMultiturn91,9,EXECUTE_SQL,1,ctx_total,¿Cuántos registros dio ese resultado en total?,"SELECT COUNT(*) AS total_registros FROM ( SELECT SUM(unit_cost) AS total_unit_cost FROM ""national_transport"".""complementary_price"" WHERE member_id = $1 AND audit_status <> 'D' ) AS sub;"
3390,TestMultiturn91,10,CLARIFY,,cl_siempre,Muéstrame lo de siempre.,
3391,TestMultiturn92,1,EXECUTE_SQL,,seed_sql,¿Cuántos cuentas por cobrar - payment form activos tengo? Muchas gracias.,"SELECT COUNT(*) FROM ""account_receivable"".""payment_form"" WHERE member_id = $1 AND is_active = TRUE AND audit_status <> 'D' LIMIT 100;"
3392,TestMultiturn92,2,CLARIFY,,cl_otro,"Y lo otro también, porfa.",
3393,TestMultiturn92,3,EXECUTE_SQL,,switch_sql,"Ahora, cambiando de tema: ¿Cuántos crm - message thread hay por cada valor de la columna assigned_to_user_id? Por favor.","SELECT t.assigned_to_user_id AS assigned_to_user_id, COUNT(*) AS registros FROM ""crm"".""message_thread"" AS t WHERE t.member_id = $1 AND t.audit_status <> 'D' GROUP BY t.assigned_to_user_id ORDER BY registros DESC LIMIT 100;"
3394,TestMultiturn92,4,CLARIFY,,cl_siempre,Muéstrame lo de siempre.,
3395,TestMultiturn92,5,CLARIFY,,cl_vago,Dame los datos.,
3396,TestMultiturn92,6,EXECUTE_SQL,3,ctx_orden,Ordena ese resultado de mayor a menor.,"SELECT t.assigned_to_user_id AS assigned_to_user_id, COUNT(*) AS registros FROM ""crm"".""message_thread"" AS t WHERE t.member_id = $1 AND t.audit_status <> 'D' GROUP BY t.assigned_to_user_id ORDER BY registros DESC ORDER BY registros DESC LIMIT 100;"
3397,TestMultiturn92,7,NO_SQL,,ns_saludo,"Hola, buenas, ¿cómo vas?",
3398,TestMultiturn92,8,EXECUTE_SQL,3,ctx_top5,"De ese resultado, muéstrame solo los primeros 5.","SELECT t.assigned_to_user_id AS assigned_to_user_id, COUNT(*) AS registros FROM ""crm"".""message_thread"" AS t WHERE t.member_id = $1 AND t.audit_status <> 'D' GROUP BY t.assigned_to_user_id ORDER BY registros DESC LIMIT 5;"
3399,TestMultiturn92,9,EXECUTE_SQL,3,ctx_total,¿Cuántos registros dio ese resultado en total?,"SELECT COUNT(*) AS total_registros FROM ( SELECT t.assigned_to_user_id AS assigned_to_user_id, COUNT(*) AS registros FROM ""crm"".""message_thread"" AS t WHERE t.member_id = $1 AND t.audit_status <> 'D' GROUP BY t.assigned_to_user_id ORDER BY registros DESC ) AS sub;"
3400,TestMultiturn92,10,EXECUTE_SQL,3,ctx_max,"De ese resultado, ¿cuál tiene el valor más alto?","SELECT t.assigned_to_user_id AS assigned_to_user_id, COUNT(*) AS registros FROM ""crm"".""message_thread"" AS t WHERE t.member_id = $1 AND t.audit_status <> 'D' GROUP BY t.assigned_to_user_id ORDER BY registros DESC ORDER BY registros DESC LIMIT 1;"
3401,TestMultiturn93,1,EXECUTE_SQL,,seed_sql,"Lista los integration - integration match action activos, solo necesito el nombre. Gracias.","SELECT name FROM ""integration"".""integration_match_action"" WHERE member_id = $1 AND is_active = TRUE AND audit_status <> 'D' LIMIT 100;"
3402,TestMultiturn93,2,EXECUTE_SQL,1,ctx_total,¿Cuántos registros dio ese resultado en total?,"SELECT COUNT(*) AS total_registros FROM ( SELECT name FROM ""integration"".""integration_match_action"" WHERE member_id = $1 AND is_active = TRUE AND audit_status <> 'D' ) AS sub;"
3403,TestMultiturn93,3,EXECUTE_SQL,1,ctx_top5,"De ese resultado, muéstrame solo los primeros 5.","SELECT name FROM ""integration"".""integration_match_action"" WHERE member_id = $1 AND is_active = TRUE AND audit_status <> 'D' LIMIT 5;"
3404,TestMultiturn93,4,EXECUTE_SQL,1,ctx_top5,"De ese resultado, muéstrame solo los primeros 5.","SELECT name FROM ""integration"".""integration_match_action"" WHERE member_id = $1 AND is_active = TRUE AND audit_status <> 'D' LIMIT 5;"
3405,TestMultiturn93,5,CLARIFY,,cl_otro,"Y lo otro también, porfa.",
3406,TestMultiturn93,6,NO_SQL,,ns_offtopic,"Oye, ¿y me recomiendas algo para almorzar hoy?",
3407,TestMultiturn93,7,EXECUTE_SQL,1,ctx_total,¿Cuántos registros dio ese resultado en total?,"SELECT COUNT(*) AS total_registros FROM ( SELECT name FROM ""integration"".""integration_match_action"" WHERE member_id = $1 AND is_active = TRUE AND audit_status <> 'D' ) AS sub;"
3408,TestMultiturn94,1,EXECUTE_SQL,,seed_sql,Regálame los nombres de los diferentes categoria que se han usado en los cuentas por pagar - return invoice detail. Es urgente.,"SELECT DISTINCT r.name AS categoria FROM ""account_payable"".""return_invoice_detail"" AS t JOIN ""core"".""category"" AS r ON t.category_id = r.id WHERE t.member_id = $1 AND t.audit_status <> 'D' LIMIT 100;"
3409,TestMultiturn94,2,NO_SQL,,ns_saludo,"Hola, buenas, ¿cómo vas?",
3410,TestMultiturn94,3,CLARIFY,,cl_siempre,Muéstrame lo de siempre.,
3411,TestMultiturn94,4,CLARIFY,,cl_otro,"Y lo otro también, porfa.",
3412,TestMultiturn94,5,EXECUTE_SQL,1,ctx_total,¿Cuántos registros dio ese resultado en total?,"SELECT COUNT(*) AS total_registros FROM ( SELECT DISTINCT r.name AS categoria FROM ""account_payable"".""return_invoice_detail"" AS t JOIN ""core"".""category"" AS r ON t.category_id = r.id WHERE t.member_id = $1 AND t.audit_status <> 'D' ) AS sub;"
3413,TestMultiturn94,6,EXECUTE_SQL,1,ctx_top5,"De ese resultado, muéstrame solo los primeros 5.","SELECT DISTINCT r.name AS categoria FROM ""account_payable"".""return_invoice_detail"" AS t JOIN ""core"".""category"" AS r ON t.category_id = r.id WHERE t.member_id = $1 AND t.audit_status <> 'D' LIMIT 5;"
3414,TestMultiturn94,7,EXECUTE_SQL,1,ctx_top5,"De ese resultado, muéstrame solo los primeros 5.","SELECT DISTINCT r.name AS categoria FROM ""account_payable"".""return_invoice_detail"" AS t JOIN ""core"".""category"" AS r ON t.category_id = r.id WHERE t.member_id = $1 AND t.audit_status <> 'D' LIMIT 5;"
3415,TestMultiturn94,8,EXECUTE_SQL,1,ctx_total,¿Cuántos registros dio ese resultado en total?,"SELECT COUNT(*) AS total_registros FROM ( SELECT DISTINCT r.name AS categoria FROM ""account_payable"".""return_invoice_detail"" AS t JOIN ""core"".""category"" AS r ON t.category_id = r.id WHERE t.member_id = $1 AND t.audit_status <> 'D' ) AS sub;"
3416,TestMultiturn95,1,EXECUTE_SQL,,seed_sql,"Para mi empresa, necesito un resumen combinando core - indicator y programaciones de pago, agrupando por empresa (member_id) y mostrando la suma del valor del descuento y el número de registros asociados. Gracias.","SELECT t1.member_id, SUM(d.discount_amount) AS total_discount_amount, COUNT(*) AS registros FROM ""core"".""indicator"" AS t1 JOIN ""treasury"".""payment_schedule"" AS d ON d.member_id = t1.member_id WHERE t1.member_id = $1 AND t1.audit_status <> 'D' GROUP BY t1.member_id ORDER BY total_discount_amount DESC LIMIT 100;"
3417,TestMultiturn95,2,EXECUTE_SQL,1,ctx_total,¿Cuántos registros dio ese resultado en total?,"SELECT COUNT(*) AS total_registros FROM ( SELECT t1.member_id, SUM(d.discount_amount) AS total_discount_amount, COUNT(*) AS registros FROM ""core"".""indicator"" AS t1 JOIN ""treasury"".""payment_schedule"" AS d ON d.member_id = t1.member_id WHERE t1.member_id = $1 AND t1.audit_status <> 'D' GROUP BY t1.member_id ORDER BY total_discount_amount DESC ) AS sub;"
3418,TestMultiturn95,3,CLARIFY,,cl_eso,¿Y eso cómo va?,
3419,TestMultiturn95,4,EXECUTE_SQL,,switch_sql,"Ahora, cambiando de tema: para mi empresa, dame la suma del campo movement_amount de los treasury - erp movement agrupada por cuentas bancarias, mostrando el nombre del cuentas bancarias y cuántos registros tiene cada uno.","SELECT r.name AS cuentas_bancarias, SUM(t.movement_amount) AS total_movement_amount, COUNT(*) AS registros FROM ""treasury"".""erp_movement"" AS t JOIN ""treasury"".""bank_account"" AS r ON t.bank_account_id = r.id WHERE t.member_id = $1 AND t.audit_status <> 'D' GROUP BY r.id, r.name ORDER BY total_movement_amount DESC LIMIT 100;"
3420,TestMultiturn95,5,EXECUTE_SQL,4,ctx_orden,Ordena ese resultado de mayor a menor.,"SELECT r.name AS cuentas_bancarias, SUM(t.movement_amount) AS total_movement_amount, COUNT(*) AS registros FROM ""treasury"".""erp_movement"" AS t JOIN ""treasury"".""bank_account"" AS r ON t.bank_account_id = r.id WHERE t.member_id = $1 AND t.audit_status <> 'D' GROUP BY r.id, r.name ORDER BY total_movement_amount DESC ORDER BY total_movement_amount DESC LIMIT 100;"
3421,TestMultiturn95,6,NO_SQL,,ns_offtopic,"Oye, ¿y me recomiendas algo para almorzar hoy?",
3422,TestMultiturn96,1,NO_SQL,,ns_saludo,"Hola, buenos días.",
3423,TestMultiturn96,2,EXECUTE_SQL,,seed_sql,Regálame los nombres de los diferentes cuenta contable que se han usado en los cuentas por pagar - conditional discount. Muchas gracias.,"SELECT DISTINCT r.name AS cuenta_contable FROM ""account_payable"".""conditional_discount"" AS t JOIN ""accounting"".""account"" AS r ON t.account_id = r.id WHERE t.member_id = $1 AND t.audit_status <> 'D' LIMIT 100;"
3424,TestMultiturn96,3,CLARIFY,,cl_siempre,Muéstrame lo de siempre.,
3425,TestMultiturn96,4,EXECUTE_SQL,2,ctx_total,¿Cuántos registros dio ese resultado en total?,"SELECT COUNT(*) AS total_registros FROM ( SELECT DISTINCT r.name AS cuenta_contable FROM ""account_payable"".""conditional_discount"" AS t JOIN ""accounting"".""account"" AS r ON t.account_id = r.id WHERE t.member_id = $1 AND t.audit_status <> 'D' ) AS sub;"
3426,TestMultiturn96,5,NO_SQL,,ns_ok,"Perfecto, entendido.",
3427,TestMultiturn96,6,CLARIFY,,cl_eso,¿Y eso cómo va?,
3428,TestMultiturn96,7,EXECUTE_SQL,2,ctx_top5,"De ese resultado, muéstrame solo los primeros 5.","SELECT DISTINCT r.name AS cuenta_contable FROM ""account_payable"".""conditional_discount"" AS t JOIN ""accounting"".""account"" AS r ON t.account_id = r.id WHERE t.member_id = $1 AND t.audit_status <> 'D' LIMIT 5;"
3429,TestMultiturn96,8,EXECUTE_SQL,2,ctx_total,¿Cuántos registros dio ese resultado en total?,"SELECT COUNT(*) AS total_registros FROM ( SELECT DISTINCT r.name AS cuenta_contable FROM ""account_payable"".""conditional_discount"" AS t JOIN ""accounting"".""account"" AS r ON t.account_id = r.id WHERE t.member_id = $1 AND t.audit_status <> 'D' ) AS sub;"
3430,TestMultiturn96,9,NO_SQL,,ns_gracias,"Listo, muchas gracias, justo lo que necesitaba.",
3431,TestMultiturn97,1,NO_SQL,,ns_saludo,"Hola, buenos días.",
3432,TestMultiturn97,2,EXECUTE_SQL,,seed_sql,"Lista los cuentas por cobrar - conditional discount activos, solo necesito el nombre. Muchas gracias.","SELECT name FROM ""account_receivable"".""conditional_discount"" WHERE member_id = $1 AND is_active = TRUE AND audit_status <> 'D' LIMIT 100;"
3433,TestMultiturn97,3,NO_SQL,,ns_identidad,¿Y tú quién eres exactamente?,
3434,TestMultiturn97,4,NO_SQL,,ns_gracias,"Listo, muchas gracias, justo lo que necesitaba.",
3435,TestMultiturn97,5,NO_SQL,,ns_offtopic,"Oye, ¿y me recomiendas algo para almorzar hoy?",
3436,TestMultiturn97,6,EXECUTE_SQL,2,ctx_total,¿Cuántos registros dio ese resultado en total?,"SELECT COUNT(*) AS total_registros FROM ( SELECT name FROM ""account_receivable"".""conditional_discount"" WHERE member_id = $1 AND is_active = TRUE AND audit_status <> 'D' ) AS sub;"
3437,TestMultiturn97,7,NO_SQL,,ns_capacidad,¿Qué otras cosas puedes consultar de mi empresa?,
3438,TestMultiturn97,8,EXECUTE_SQL,2,ctx_top5,"De ese resultado, muéstrame solo los primeros 5.","SELECT name FROM ""account_receivable"".""conditional_discount"" WHERE member_id = $1 AND is_active = TRUE AND audit_status <> 'D' LIMIT 5;"
3439,TestMultiturn97,9,CLARIFY,,cl_vago,Dame los datos.,
3440,TestMultiturn97,10,EXECUTE_SQL,2,ctx_top5,"De ese resultado, muéstrame solo los primeros 5.","SELECT name FROM ""account_receivable"".""conditional_discount"" WHERE member_id = $1 AND is_active = TRUE AND audit_status <> 'D' LIMIT 5;"
3441,TestMultiturn98,1,EXECUTE_SQL,,seed_sql,¿Cuál es la suma total del total credito en comprobantes contables? Es urgente.,"SELECT SUM(total_credit) AS total_total_credit FROM ""accounting"".""movement"" WHERE member_id = $1 AND audit_status <> 'D' LIMIT 100;"
3442,TestMultiturn98,2,NO_SQL,,ns_opinion,¿Ese número te parece normal para un negocio como el mío?,
3443,TestMultiturn98,3,CLARIFY,,cl_comparar,Compáralo.,
3444,TestMultiturn98,4,EXECUTE_SQL,1,ctx_max,"De ese resultado, ¿cuál tiene el valor más alto?","SELECT SUM(total_credit) AS total_total_credit FROM ""accounting"".""movement"" WHERE member_id = $1 AND audit_status <> 'D' ORDER BY total_total_credit DESC LIMIT 1;"
3445,TestMultiturn98,5,EXECUTE_SQL,1,ctx_total,¿Cuántos registros dio ese resultado en total?,"SELECT COUNT(*) AS total_registros FROM ( SELECT SUM(total_credit) AS total_total_credit FROM ""accounting"".""movement"" WHERE member_id = $1 AND audit_status <> 'D' ) AS sub;"
3446,TestMultiturn98,6,NO_SQL,,ns_gracias,"Listo, muchas gracias, justo lo que necesitaba.",
3447,TestMultiturn98,7,EXECUTE_SQL,1,ctx_top5,"De ese resultado, muéstrame solo los primeros 5.","SELECT SUM(total_credit) AS total_total_credit FROM ""accounting"".""movement"" WHERE member_id = $1 AND audit_status <> 'D' LIMIT 5;"
3448,TestMultiturn99,1,EXECUTE_SQL,,seed_sql,"Dame el total del valor del impuesto de los cuentas por pagar - note tax detail cuyo cuenta contable contiene 'PROVEEDOR' en el nombre, agrupado por cuenta contable. Por favor.","SELECT r.name AS cuenta_contable, SUM(t.tax_value) AS total_tax_value, COUNT(*) AS registros FROM ""account_payable"".""note_tax_detail"" AS t JOIN ""accounting"".""account"" AS r ON t.account_id = r.id WHERE t.member_id = $1 AND t.audit_status <> 'D' AND r.name ILIKE '%PROVEEDOR%' GROUP BY r.id, r.name ORDER BY total_tax_value DESC LIMIT 100;"
3449,TestMultiturn99,2,EXECUTE_SQL,1,ctx_top5,"De ese resultado, muéstrame solo los primeros 5.","SELECT r.name AS cuenta_contable, SUM(t.tax_value) AS total_tax_value, COUNT(*) AS registros FROM ""account_payable"".""note_tax_detail"" AS t JOIN ""accounting"".""account"" AS r ON t.account_id = r.id WHERE t.member_id = $1 AND t.audit_status <> 'D' AND r.name ILIKE '%PROVEEDOR%' GROUP BY r.id, r.name ORDER BY total_tax_value DESC LIMIT 5;"
3450,TestMultiturn99,3,EXECUTE_SQL,1,ctx_total,¿Cuántos registros dio ese resultado en total?,"SELECT COUNT(*) AS total_registros FROM ( SELECT r.name AS cuenta_contable, SUM(t.tax_value) AS total_tax_value, COUNT(*) AS registros FROM ""account_payable"".""note_tax_detail"" AS t JOIN ""accounting"".""account"" AS r ON t.account_id = r.id WHERE t.member_id = $1 AND t.audit_status <> 'D' AND r.name ILIKE '%PROVEEDOR%' GROUP BY r.id, r.name ORDER BY total_tax_value DESC ) AS sub;"
3451,TestMultiturn99,4,CLARIFY,,cl_otro,"Y lo otro también, porfa.",
3452,TestMultiturn99,5,NO_SQL,,ns_identidad,¿Y tú quién eres exactamente?,
3453,TestMultiturn99,6,CLARIFY,,cl_comparar,Compáralo.,
3454,TestMultiturn99,7,NO_SQL,,ns_opinion,¿Ese número te parece normal para un negocio como el mío?,
3455,TestMultiturn99,8,EXECUTE_SQL,1,ctx_max,"De ese resultado, ¿cuál tiene el valor más alto?","SELECT r.name AS cuenta_contable, SUM(t.tax_value) AS total_tax_value, COUNT(*) AS registros FROM ""account_payable"".""note_tax_detail"" AS t JOIN ""accounting"".""account"" AS r ON t.account_id = r.id WHERE t.member_id = $1 AND t.audit_status <> 'D' AND r.name ILIKE '%PROVEEDOR%' GROUP BY r.id, r.name ORDER BY total_tax_value DESC ORDER BY total_tax_value DESC LIMIT 1;"
3456,TestMultiturn100,1,NO_SQL,,ns_saludo,"Hola, buenos días.",
3457,TestMultiturn100,2,EXECUTE_SQL,,seed_sql,¿Cuál es el saldo más bajo registrado en saldos por pagar? Por favor.,"SELECT MIN(balance) FROM ""account_payable"".""balance"" WHERE member_id = $1 LIMIT 100;"
3458,TestMultiturn100,3,NO_SQL,,ns_opinion,¿Ese número te parece normal para un negocio como el mío?,
3459,TestMultiturn100,4,EXECUTE_SQL,2,ctx_total,¿Cuántos registros dio ese resultado en total?,"SELECT COUNT(*) AS total_registros FROM ( SELECT MIN(balance) FROM ""account_payable"".""balance"" WHERE member_id = $1 ) AS sub;"
3460,TestMultiturn100,5,NO_SQL,,ns_offtopic,"Oye, ¿y me recomiendas algo para almorzar hoy?",
3461,TestMultiturn100,6,EXECUTE_SQL,,switch_sql,"Ahora, cambiando de tema: ¿Cuántos core - cancellation record hay por cada valor de la columna cancellation_id? Gracias.","SELECT t.cancellation_id AS cancellation_id, COUNT(*) AS registros FROM ""core"".""cancellation_record"" AS t WHERE t.member_id = $1 AND t.audit_status <> 'D' GROUP BY t.cancellation_id ORDER BY registros DESC LIMIT 100;"
3462,TestMultiturn100,7,EXECUTE_SQL,6,ctx_top5,"De ese resultado, muéstrame solo los primeros 5.","SELECT t.cancellation_id AS cancellation_id, COUNT(*) AS registros FROM ""core"".""cancellation_record"" AS t WHERE t.member_id = $1 AND t.audit_status <> 'D' GROUP BY t.cancellation_id ORDER BY registros DESC LIMIT 5;"
3463,TestMultiturn101,1,EXECUTE_SQL,,seed_sql,Indícame la cantidad de detalles de movimiento contable junto con la suma del valor credito y del valor debito. Cuando puedas.,"SELECT COUNT(*) AS cantidad, SUM(value_credit) AS total_value_credit, SUM(value_debit) AS total_value_debit FROM ""accounting"".""movement_detail"" WHERE member_id = $1 AND audit_status <> 'D' LIMIT 100;"
3464,TestMultiturn101,2,EXECUTE_SQL,1,ctx_total,¿Cuántos registros dio ese resultado en total?,"SELECT COUNT(*) AS total_registros FROM ( SELECT COUNT(*) AS cantidad, SUM(value_credit) AS total_value_credit, SUM(value_debit) AS total_value_debit FROM ""accounting"".""movement_detail"" WHERE member_id = $1 AND audit_status <> 'D' ) AS sub;"
3465,TestMultiturn101,3,EXECUTE_SQL,1,ctx_top5,"De ese resultado, muéstrame solo los primeros 5.","SELECT COUNT(*) AS cantidad, SUM(value_credit) AS total_value_credit, SUM(value_debit) AS total_value_debit FROM ""accounting"".""movement_detail"" WHERE member_id = $1 AND audit_status <> 'D' LIMIT 5;"
3466,TestMultiturn101,4,NO_SQL,,ns_gracias,"Listo, muchas gracias, justo lo que necesitaba.",
3467,TestMultiturn101,5,EXECUTE_SQL,1,ctx_orden,Ordena ese resultado de mayor a menor.,"SELECT COUNT(*) AS cantidad, SUM(value_credit) AS total_value_credit, SUM(value_debit) AS total_value_debit FROM ""accounting"".""movement_detail"" WHERE member_id = $1 AND audit_status <> 'D' ORDER BY cantidad DESC LIMIT 100;"
